2026-02-07 21:50:17,333 [INFO] Activator:176 - 


2026-02-07 21:50:17,341 [INFO] Activator:177 - !SESSION log4j initialized
2026-02-07 21:50:23,312 [INFO] LogOutputStream:77 - [STDOUT_REDIRECT] 
2026-02-07 21:50:23,920 [INFO] ApplicationProperties:184 - Using Application install path: /opt/st/stm32cubeide_1.19.0/plugins/com.st.stm32cube.common.mx_6.15.0.202507011659
2026-02-07 21:50:23,943 [INFO] DbMcusXml:78 - Set database path to: /opt/st/stm32cubeide_1.19.0/plugins/com.st.stm32cube.common.mx_6.15.0.202507011659//db//mcu/
2026-02-07 21:50:23,943 [INFO] ApiDb:274 - Set plugin database path to: /opt/st/stm32cubeide_1.19.0/plugins/com.st.stm32cube.common.mx_6.15.0.202507011659//db//plugins/boardmanager/
2026-02-07 21:50:23,944 [WARN] ApiDb:259 - Overriding images path with different value:  => /opt/st/stm32cubeide_1.19.0/plugins/com.st.stm32cube.common.mx_6.15.0.202507011659//db//plugins/mcufinder/images/
2026-02-07 21:50:23,952 [INFO] ApiDb:250 - Set database path to: /home/mahdlinux/.stmcufinder/plugins/mcufinder//mcu/
2026-02-07 21:50:23,954 [INFO] DbMcusAds:125 - Set database path to: /home/mahdlinux/.stmcufinder/plugins/mcufinder//mcu/
2026-02-07 21:50:23,957 [INFO] CrossReferenceDbSqlite:203 - Set database path to: /home/mahdlinux/.stmcufinder/plugins/mcufinder//mcu/cs/
2026-02-07 21:50:24,099 [INFO] RulesReader:64 - Compatibility file has been processed (317 Rules)
2026-02-07 21:50:24,168 [INFO] DbMcusXml:78 - Set database path to: /opt/st/stm32cubeide_1.19.0/plugins/com.st.stm32cube.common.mx_6.15.0.202507011659//db//mcu/
2026-02-07 21:50:24,168 [INFO] ApiDb:274 - Set plugin database path to: /opt/st/stm32cubeide_1.19.0/plugins/com.st.stm32cube.common.mx_6.15.0.202507011659//db//plugins/boardmanager/
2026-02-07 21:50:24,168 [INFO] ApiDb:261 - Set plugin images path to: /opt/st/stm32cubeide_1.19.0/plugins/com.st.stm32cube.common.mx_6.15.0.202507011659//db//plugins/mcufinder/images/
2026-02-07 21:50:24,168 [WARN] DbFile:41 - Overriding database path with different value: /home/mahdlinux/.stmcufinder/plugins/mcufinder/ => /home/mahdlinux/.stmcufinder/plugins/mcufinder
2026-02-07 21:50:24,169 [INFO] ApiDb:250 - Set database path to: /home/mahdlinux/.stmcufinder/plugins/mcufinder//mcu/
2026-02-07 21:50:24,169 [WARN] DbFile:41 - Overriding database path with different value: /home/mahdlinux/.stmcufinder/plugins/mcufinder/ => /home/mahdlinux/.stmcufinder/plugins/mcufinder
2026-02-07 21:50:24,169 [INFO] DbMcusAds:125 - Set database path to: /home/mahdlinux/.stmcufinder/plugins/mcufinder//mcu/
2026-02-07 21:50:24,169 [WARN] DbFile:41 - Overriding database path with different value: /home/mahdlinux/.stmcufinder/plugins/mcufinder/ => /home/mahdlinux/.stmcufinder/plugins/mcufinder
2026-02-07 21:50:24,169 [WARN] DbFile:41 - Overriding database path with different value: /home/mahdlinux/.stmcufinder/plugins/mcufinder/ => /home/mahdlinux/.stmcufinder/plugins/mcufinder
2026-02-07 21:50:24,169 [INFO] CrossReferenceDbSqlite:203 - Set database path to: /home/mahdlinux/.stmcufinder/plugins/mcufinder//mcu/cs/
2026-02-07 21:50:24,258 [INFO] MainPanel:274 - HeapMemory: 268435456
2026-02-07 21:50:24,461 [INFO] DbMcusXml:78 - Set database path to: /opt/st/stm32cubeide_1.19.0/plugins/com.st.stm32cube.common.mx_6.15.0.202507011659//db//mcu/
2026-02-07 21:50:24,462 [INFO] ApiDb:274 - Set plugin database path to: /opt/st/stm32cubeide_1.19.0/plugins/com.st.stm32cube.common.mx_6.15.0.202507011659//db//plugins/boardmanager/
2026-02-07 21:50:24,462 [INFO] ApiDb:261 - Set plugin images path to: /opt/st/stm32cubeide_1.19.0/plugins/com.st.stm32cube.common.mx_6.15.0.202507011659//db//plugins/mcufinder/images/
2026-02-07 21:50:24,462 [WARN] DbFile:41 - Overriding database path with different value: /home/mahdlinux/.stmcufinder/plugins/mcufinder/ => /home/mahdlinux/.stmcufinder/plugins/mcufinder
2026-02-07 21:50:24,462 [INFO] ApiDb:250 - Set database path to: /home/mahdlinux/.stmcufinder/plugins/mcufinder//mcu/
2026-02-07 21:50:24,462 [WARN] DbFile:41 - Overriding database path with different value: /home/mahdlinux/.stmcufinder/plugins/mcufinder/ => /home/mahdlinux/.stmcufinder/plugins/mcufinder
2026-02-07 21:50:24,463 [INFO] DbMcusAds:125 - Set database path to: /home/mahdlinux/.stmcufinder/plugins/mcufinder//mcu/
2026-02-07 21:50:24,463 [WARN] DbFile:41 - Overriding database path with different value: /home/mahdlinux/.stmcufinder/plugins/mcufinder/ => /home/mahdlinux/.stmcufinder/plugins/mcufinder
2026-02-07 21:50:24,463 [WARN] DbFile:41 - Overriding database path with different value: /home/mahdlinux/.stmcufinder/plugins/mcufinder/ => /home/mahdlinux/.stmcufinder/plugins/mcufinder
2026-02-07 21:50:24,463 [INFO] CrossReferenceDbSqlite:203 - Set database path to: /home/mahdlinux/.stmcufinder/plugins/mcufinder//mcu/cs/
2026-02-07 21:50:24,492 [INFO] ApplicationProperties:184 - Using Application install path: /opt/st/stm32cubeide_1.19.0/plugins/com.st.stm32cube.common.mx_6.15.0.202507011659
2026-02-07 21:50:24,495 [INFO] PluginManage:196 - Search for loadable plugins [exclusion list=, ]
2026-02-07 21:50:24,496 [INFO] PluginManage:310 - Check plugin analytics
2026-02-07 21:50:24,672 [INFO] AnalyticsPlugin:253 - Accepted Software Licenses: 
2026-02-07 21:50:24,672 [INFO] AnalyticsPlugin:255 - Accepted CMSIS Pack Licenses: 
2026-02-07 21:50:24,672 [INFO] AnalyticsPlugin:257 - Accepted Firmware Licenses: 
2026-02-07 21:50:24,676 [INFO] PluginManage:359 - Loaded plugin analytics (category:tool,tabindex:-1)
2026-02-07 21:50:24,677 [INFO] PluginManage:310 - Check plugin cadmodel
2026-02-07 21:50:24,683 [INFO] CADModel:105 - Init CAD model plugin
2026-02-07 21:50:24,684 [INFO] PluginManage:359 - Loaded plugin cadmodel (category:power,tabindex:5)
2026-02-07 21:50:24,684 [INFO] PluginManage:310 - Check plugin clock
2026-02-07 21:50:24,695 [INFO] PluginManage:359 - Loaded plugin clock (category:base,tabindex:2)
2026-02-07 21:50:24,695 [INFO] PluginManage:310 - Check plugin ddr
2026-02-07 21:50:24,698 [INFO] PluginManage:359 - Loaded plugin ddr (category:tool,tabindex:6)
2026-02-07 21:50:24,698 [INFO] PluginManage:310 - Check plugin filemanager
2026-02-07 21:50:24,868 [INFO] PluginManage:359 - Loaded plugin filemanager (category:base,tabindex:10)
2026-02-07 21:50:24,868 [INFO] PluginManage:310 - Check plugin ipmanager
2026-02-07 21:50:24,877 [INFO] PluginManage:359 - Loaded plugin ipmanager (category:base,tabindex:5)
2026-02-07 21:50:24,877 [INFO] PluginManage:310 - Check plugin lpbam
2026-02-07 21:50:24,889 [INFO] PluginManage:359 - Loaded plugin lpbam (category:base,tabindex:0)
2026-02-07 21:50:24,890 [INFO] PluginManage:310 - Check plugin memorymap
2026-02-07 21:50:24,903 [INFO] PluginManage:359 - Loaded plugin memorymap (category:base,tabindex:4)
2026-02-07 21:50:24,903 [INFO] PluginManage:310 - Check plugin pinoutandconfiguration
2026-02-07 21:50:24,911 [INFO] PluginManage:359 - Loaded plugin pinoutandconfiguration (category:base,tabindex:1)
2026-02-07 21:50:24,911 [INFO] PluginManage:310 - Check plugin pinoutconfig
2026-02-07 21:50:24,983 [WARN] SupportedApi:132 - Cannot load RTOS API schema: s4s-elt-must-match.1: The content of 'definitions' must match (annotation?, (simpleType | complexType)?, (unique | key | keyref)*)). A problem was found starting at: attribute.
2026-02-07 21:50:25,114 [INFO] PluginManage:359 - Loaded plugin pinoutconfig (category:base,tabindex:0)
2026-02-07 21:50:25,114 [INFO] PluginManage:310 - Check plugin power
2026-02-07 21:50:25,123 [INFO] PluginManage:359 - Loaded plugin power (category:power,tabindex:4)
2026-02-07 21:50:25,124 [INFO] PluginManage:310 - Check plugin projectmanager
2026-02-07 21:50:25,139 [INFO] PluginManage:359 - Loaded plugin projectmanager (category:projectmanager,tabindex:4)
2026-02-07 21:50:25,140 [INFO] PluginManage:310 - Check plugin rif
2026-02-07 21:50:25,149 [INFO] PluginManage:359 - Loaded plugin rif (category:base,tabindex:3)
2026-02-07 21:50:25,150 [INFO] PluginManage:310 - Check plugin thirdparty
2026-02-07 21:50:25,271 [INFO] PluginManage:359 - Loaded plugin thirdparty (category:base,tabindex:-1)
2026-02-07 21:50:25,271 [WARN] IntegrityCheckThread:84 - waiting for thirdparty lock release [integrity check]
2026-02-07 21:50:25,271 [INFO] PluginManage:310 - Check plugin tools
2026-02-07 21:50:25,271 [INFO] IntegrityCheckThread:86 - entering critical section [integrity check]
2026-02-07 21:50:25,272 [INFO] ThirdPartyUpdaterWithRetryManager:70 - Updater plugin not ready yet. [1/15]
2026-02-07 21:50:25,273 [INFO] PluginManage:359 - Loaded plugin tools (category:base,tabindex:7)
2026-02-07 21:50:25,274 [INFO] PluginManage:310 - Check plugin tutovideos
2026-02-07 21:50:25,493 [INFO] PluginManage:359 - Loaded plugin tutovideos (category:base,tabindex:-1)
2026-02-07 21:50:25,493 [INFO] PluginManage:310 - Check plugin updater
2026-02-07 21:50:25,517 [INFO] PluginManage:359 - Loaded plugin updater (category:base,tabindex:12)
2026-02-07 21:50:25,517 [INFO] PluginManage:310 - Check plugin userauth
2026-02-07 21:50:25,521 [INFO] UserAuth:118 - Init User Auth plugin
2026-02-07 21:50:25,522 [INFO] PluginManage:359 - Loaded plugin userauth (category:base,tabindex:14)
2026-02-07 21:50:25,522 [INFO] PluginManage:283 - PluginManage : Loaded plugins [18]
2026-02-07 21:50:25,705 [INFO] PinOutPanel:1589 - setPackage(No Configuration,No Configuration)
2026-02-07 21:50:25,768 [INFO] CADModel:165 - CPN selected for project level
2026-02-07 21:50:25,768 [INFO] CADModel:114 - Register for checkConnection events
2026-02-07 21:50:25,781 [INFO] IPUIPlugin:80 - create IPUIPlugin
2026-02-07 21:50:25,781 [INFO] PluginManager:220 - loadIPPluginJar : add can
2026-02-07 21:50:25,787 [INFO] IPUIPlugin:80 - create IPUIPlugin
2026-02-07 21:50:25,789 [INFO] PluginManager:220 - loadIPPluginJar : add plateformsettings
2026-02-07 21:50:25,792 [INFO] IPUIPlugin:80 - create IPUIPlugin
2026-02-07 21:50:25,792 [INFO] PluginManager:220 - loadIPPluginJar : add ipddr
2026-02-07 21:50:25,794 [INFO] IPUIPlugin:80 - create IPUIPlugin
2026-02-07 21:50:25,794 [INFO] PluginManager:220 - loadIPPluginJar : add hash
2026-02-07 21:50:25,795 [INFO] IPUIPlugin:80 - create IPUIPlugin
2026-02-07 21:50:25,795 [INFO] PluginManager:220 - loadIPPluginJar : add ucpd
2026-02-07 21:50:25,801 [INFO] IPUIPlugin:80 - create IPUIPlugin
2026-02-07 21:50:25,801 [INFO] PluginManager:220 - loadIPPluginJar : add freertos
2026-02-07 21:50:25,803 [INFO] IPUIPlugin:80 - create IPUIPlugin
2026-02-07 21:50:25,803 [INFO] PluginManager:220 - loadIPPluginJar : add gtzc
2026-02-07 21:50:25,805 [INFO] IPUIPlugin:80 - create IPUIPlugin
2026-02-07 21:50:25,805 [INFO] PluginManager:220 - loadIPPluginJar : add dfsdm
2026-02-07 21:50:25,808 [INFO] IPUIPlugin:80 - create IPUIPlugin
2026-02-07 21:50:25,808 [INFO] PluginManager:220 - loadIPPluginJar : add opamp
2026-02-07 21:50:25,813 [INFO] IPUIPlugin:80 - create IPUIPlugin
2026-02-07 21:50:25,813 [INFO] PluginManager:220 - loadIPPluginJar : add adc
2026-02-07 21:50:25,819 [INFO] IPUIPlugin:80 - create IPUIPlugin
2026-02-07 21:50:25,819 [INFO] PluginManager:220 - loadIPPluginJar : add gic
2026-02-07 21:50:25,822 [INFO] IPUIPlugin:80 - create IPUIPlugin
2026-02-07 21:50:25,822 [INFO] PluginManager:220 - loadIPPluginJar : add resmgrutility
2026-02-07 21:50:25,824 [INFO] IPUIPlugin:80 - create IPUIPlugin
2026-02-07 21:50:25,824 [INFO] PluginManager:220 - loadIPPluginJar : add usart
2026-02-07 21:50:25,828 [INFO] IPUIPlugin:80 - create IPUIPlugin
2026-02-07 21:50:25,828 [INFO] PluginManager:220 - loadIPPluginJar : add gpio
2026-02-07 21:50:25,829 [INFO] IPUIPlugin:80 - create IPUIPlugin
2026-02-07 21:50:25,829 [INFO] PluginManager:220 - loadIPPluginJar : add quadspi
2026-02-07 21:50:25,830 [INFO] IPUIPlugin:80 - create IPUIPlugin
2026-02-07 21:50:25,830 [INFO] PluginManager:220 - loadIPPluginJar : add tracer_emb
2026-02-07 21:50:25,836 [INFO] IPUIPlugin:80 - create IPUIPlugin
2026-02-07 21:50:25,836 [INFO] PluginManager:220 - loadIPPluginJar : add mdma
2026-02-07 21:50:25,837 [INFO] IPUIPlugin:80 - create IPUIPlugin
2026-02-07 21:50:25,837 [INFO] PluginManager:220 - loadIPPluginJar : add tsc
2026-02-07 21:50:25,838 [INFO] IPUIPlugin:80 - create IPUIPlugin
2026-02-07 21:50:25,838 [INFO] PluginManager:220 - loadIPPluginJar : add genericplugin
2026-02-07 21:50:25,839 [INFO] IPUIPlugin:80 - create IPUIPlugin
2026-02-07 21:50:25,839 [INFO] PluginManager:220 - loadIPPluginJar : add comp
2026-02-07 21:50:25,841 [INFO] IPUIPlugin:80 - create IPUIPlugin
2026-02-07 21:50:25,841 [INFO] PluginManager:220 - loadIPPluginJar : add dma3
2026-02-07 21:50:25,842 [INFO] IPUIPlugin:80 - create IPUIPlugin
2026-02-07 21:50:25,842 [INFO] PluginManager:220 - loadIPPluginJar : add gfxmmu
2026-02-07 21:50:25,844 [INFO] IPUIPlugin:80 - create IPUIPlugin
2026-02-07 21:50:25,844 [INFO] PluginManager:220 - loadIPPluginJar : add cryp
2026-02-07 21:50:25,846 [INFO] IPUIPlugin:80 - create IPUIPlugin
2026-02-07 21:50:25,846 [INFO] PluginManager:220 - loadIPPluginJar : add lorawan
2026-02-07 21:50:25,848 [INFO] IPUIPlugin:80 - create IPUIPlugin
2026-02-07 21:50:25,849 [INFO] PluginManager:220 - loadIPPluginJar : add sai
2026-02-07 21:50:25,850 [INFO] IPUIPlugin:80 - create IPUIPlugin
2026-02-07 21:50:25,850 [INFO] PluginManager:220 - loadIPPluginJar : add spi
2026-02-07 21:50:25,853 [INFO] IPUIPlugin:80 - create IPUIPlugin
2026-02-07 21:50:25,853 [INFO] PluginManager:220 - loadIPPluginJar : add ddr_ctrl_phy
2026-02-07 21:50:25,856 [INFO] IPUIPlugin:80 - create IPUIPlugin
2026-02-07 21:50:25,856 [INFO] PluginManager:220 - loadIPPluginJar : add usbx
2026-02-07 21:50:25,858 [INFO] IPUIPlugin:80 - create IPUIPlugin
2026-02-07 21:50:25,858 [INFO] PluginManager:220 - loadIPPluginJar : add openamp
2026-02-07 21:50:25,860 [INFO] IPUIPlugin:80 - create IPUIPlugin
2026-02-07 21:50:25,860 [INFO] PluginManager:220 - loadIPPluginJar : add aes
2026-02-07 21:50:25,862 [INFO] IPUIPlugin:80 - create IPUIPlugin
2026-02-07 21:50:25,862 [INFO] PluginManager:220 - loadIPPluginJar : add pdm2pcm
2026-02-07 21:50:25,863 [INFO] IPUIPlugin:80 - create IPUIPlugin
2026-02-07 21:50:25,864 [INFO] PluginManager:220 - loadIPPluginJar : add tim
2026-02-07 21:50:25,867 [INFO] IPUIPlugin:80 - create IPUIPlugin
2026-02-07 21:50:25,867 [INFO] PluginManager:220 - loadIPPluginJar : add nvic
2026-02-07 21:50:25,868 [INFO] IPUIPlugin:80 - create IPUIPlugin
2026-02-07 21:50:25,868 [INFO] PluginManager:220 - loadIPPluginJar : add ltdc
2026-02-07 21:50:25,870 [INFO] IPUIPlugin:80 - create IPUIPlugin
2026-02-07 21:50:25,871 [INFO] PluginManager:220 - loadIPPluginJar : add touchsensing
2026-02-07 21:50:25,876 [INFO] IPUIPlugin:80 - create IPUIPlugin
2026-02-07 21:50:25,876 [INFO] PluginManager:220 - loadIPPluginJar : add linkedlist
2026-02-07 21:50:25,878 [INFO] IPUIPlugin:80 - create IPUIPlugin
2026-02-07 21:50:25,879 [INFO] PluginManager:220 - loadIPPluginJar : add extmemmanager
2026-02-07 21:50:25,880 [INFO] IPUIPlugin:80 - create IPUIPlugin
2026-02-07 21:50:25,881 [INFO] PluginManager:220 - loadIPPluginJar : add i3c
2026-02-07 21:50:25,881 [INFO] IPUIPlugin:80 - create IPUIPlugin
2026-02-07 21:50:25,882 [INFO] PluginManager:220 - loadIPPluginJar : add fatfs
2026-02-07 21:50:25,883 [INFO] IPUIPlugin:80 - create IPUIPlugin
2026-02-07 21:50:25,883 [INFO] PluginManager:220 - loadIPPluginJar : add i2c
2026-02-07 21:50:25,888 [INFO] IPUIPlugin:80 - create IPUIPlugin
2026-02-07 21:50:25,888 [INFO] PluginManager:220 - loadIPPluginJar : add dma
2026-02-07 21:50:25,894 [INFO] IPUIPlugin:80 - create IPUIPlugin
2026-02-07 21:50:25,894 [INFO] PluginManager:220 - loadIPPluginJar : add stm32_wpan
2026-02-07 21:50:25,895 [INFO] IPUIPlugin:80 - create IPUIPlugin
2026-02-07 21:50:25,895 [INFO] PluginManager:220 - loadIPPluginJar : add ts
2026-02-07 21:50:25,897 [INFO] IPUIPlugin:80 - create IPUIPlugin
2026-02-07 21:50:25,897 [INFO] PluginManager:220 - loadIPPluginJar : add i2s
2026-02-07 21:50:25,898 [INFO] IPUIPlugin:80 - create IPUIPlugin
2026-02-07 21:50:25,899 [INFO] PluginManager:220 - loadIPPluginJar : add radio
2026-02-07 21:50:25,902 [INFO] IPUIPlugin:80 - create IPUIPlugin
2026-02-07 21:50:25,902 [INFO] PluginManager:220 - loadIPPluginJar : add fmc
2026-02-07 21:50:26,006 [FATAL] Updater:351 - Updater called before beeing initialized
2026-02-07 21:50:26,042 [INFO] RulesReader:64 - Compatibility file has been processed (317 Rules)
2026-02-07 21:50:26,056 [INFO] RulesReader:64 - Compatibility file has been processed (317 Rules)
2026-02-07 21:50:26,063 [INFO] CADModel:165 - CPN selected for project level
2026-02-07 21:50:26,063 [INFO] CADModel:114 - Register for checkConnection events
2026-02-07 21:50:26,063 [FATAL] Updater:351 - Updater called before beeing initialized
2026-02-07 21:50:26,064 [ERROR] CADModel:125 - Updater not yet initialized, retry later 
2026-02-07 21:50:26,171 [FATAL] Updater:351 - Updater called before beeing initialized
2026-02-07 21:50:26,173 [INFO] CADModel:165 - CPN selected for project level
2026-02-07 21:50:26,173 [INFO] CADModel:114 - Register for checkConnection events
2026-02-07 21:50:26,173 [FATAL] Updater:351 - Updater called before beeing initialized
2026-02-07 21:50:26,173 [ERROR] CADModel:125 - Updater not yet initialized, retry later 
2026-02-07 21:50:26,175 [FATAL] Updater:351 - Updater called before beeing initialized
2026-02-07 21:50:26,245 [FATAL] Updater:351 - Updater called before beeing initialized
2026-02-07 21:50:26,248 [INFO] DbMcusAds:53 - JSON generation date=Thu Jan 08 16:57:51 CET 2026 (1767887871456)
2026-02-07 21:50:26,248 [FATAL] Updater:351 - Updater called before beeing initialized
2026-02-07 21:50:26,281 [WARN] DetailPanel:346 - Failed to get advertising image, set to default
2026-02-07 21:50:26,352 [FATAL] Updater:351 - Updater called before beeing initialized
2026-02-07 21:50:26,354 [FATAL] Updater:351 - Updater called before beeing initialized
2026-02-07 21:50:26,354 [FATAL] Updater:351 - Updater called before beeing initialized
2026-02-07 21:50:26,354 [WARN] DetailPanel:346 - Failed to get advertising image, set to default
2026-02-07 21:50:26,355 [FATAL] Updater:351 - Updater called before beeing initialized
2026-02-07 21:50:26,394 [ERROR] Updater:1198 - MainUpdater not yet initialized. External WinMGr cannot be set.
2026-02-07 21:50:26,396 [INFO] Updater:1134 - Updater Version found : 6.15.0
2026-02-07 21:50:26,414 [INFO] ApplicationProperties:184 - Using Application install path: /opt/st/stm32cubeide_1.19.0/plugins/com.st.stm32cube.common.mx_6.15.0.202507011659
2026-02-07 21:50:26,428 [ERROR] LogOutputStream:75 - [STDERR_REDIRECT] Feb 07, 2026 9:50:26 PM java.util.prefs.FileSystemPreferences$2 run
2026-02-07 21:50:26,428 [ERROR] LogOutputStream:75 - [STDERR_REDIRECT] WARNING: Could not create system preferences directory. System preferences are unusable.
2026-02-07 21:50:26,428 [ERROR] LogOutputStream:75 - [STDERR_REDIRECT] 
2026-02-07 21:50:27,014 [INFO] MainUpdater:2872 - connection check result : 10
2026-02-07 21:50:27,014 [INFO] MainUpdater:3604 - Updater definition file requires update
2026-02-07 21:50:27,015 [INFO] MainUpdater:289 - Updater Check For Update Now.
2026-02-07 21:50:27,015 [INFO] MicroXplorer:498 - Change Database Version : DB.6.0.150
2026-02-07 21:50:27,024 [INFO] McuFinderGlobals:63 - Set McuFinder mode to 2 (CubeIDE integrated)
2026-02-07 21:50:27,025 [INFO] UserAuth:171 - activating auth plugin
2026-02-07 21:50:27,027 [INFO] UserAuth:487 - Internet connection configuration mode: 1
2026-02-07 21:50:27,045 [INFO] JxBrowserEngine:152 - Initiate JxBrowser Engine with user profile folder
2026-02-07 21:50:27,179 [INFO] ServerAccessManage:452 - Complete download http(s) 200
2026-02-07 21:50:27,180 [INFO] ServerAccessManage:509 - Download File updaters.zip
2026-02-07 21:50:27,279 [INFO] FileExtend:248 - Unzip File : updaters.zip
2026-02-07 21:50:27,279 [INFO] FileExtend:263 - Standard Zip Deflate
2026-02-07 21:50:27,635 [INFO] ServerAccessManage:452 - Complete download http(s) 200
2026-02-07 21:50:27,635 [INFO] ServerAccessManage:509 - Download File PacksControlFlags.xml
2026-02-07 21:50:27,754 [INFO] ServerAccessManage:452 - Complete download http(s) 200
2026-02-07 21:50:27,754 [INFO] ServerAccessManage:509 - Download File cubemx.pidx
2026-02-07 21:50:27,872 [INFO] LoadServerUpdatesThread:375 - End of LoadServerUpdate Thread
2026-02-07 21:50:28,056 [INFO] CheckServerUpdateThread:120 - End of CheckServer Thread
2026-02-07 21:50:28,219 [INFO] WebApp:169 - Instantiating new browser for Auth
2026-02-07 21:50:28,444 [WARN] PackLoader:240 - Cannot read IP mode file for STMicroelectronics.FP-SNS-MOTENVWB1.1.4.0
2026-02-07 21:50:28,454 [WARN] PackLoader:240 - Cannot read IP mode file for STMicroelectronics.FP-ATR-ASTRA1.2.0.2
2026-02-07 21:50:28,461 [WARN] PackLoader:240 - Cannot read IP mode file for STMicroelectronics.X-CUBE-SMBUS.2.1.0
2026-02-07 21:50:28,503 [WARN] PackLoader:240 - Cannot read IP mode file for STMicroelectronics.X-CUBE-AZRTOS-F7.1.1.0
2026-02-07 21:50:28,515 [WARN] PackLoader:240 - Cannot read IP mode file for Cesanta.I-CUBE-Mongoose.7.19.0
2026-02-07 21:50:28,521 [WARN] PackLoader:240 - Cannot read IP mode file for STMicroelectronics.FP-SNS-MOTENV1.5.1.0
2026-02-07 21:50:28,537 [WARN] PackLoader:240 - Cannot read IP mode file for WES.I-CUBE-Cesium.1.4.0
2026-02-07 21:50:28,588 [WARN] PackLoader:240 - Cannot read IP mode file for Infineon.AIROC-Wi-Fi-Bluetooth-STM32.1.7.1
2026-02-07 21:50:28,649 [WARN] PackLoader:240 - Cannot read IP mode file for STMicroelectronics.X-CUBE-AZRTOS-H7.3.4.0
2026-02-07 21:50:28,672 [WARN] PackLoader:240 - Cannot read IP mode file for STMicroelectronics.X-CUBE-DISPLAY.3.0.0
2026-02-07 21:50:28,696 [WARN] PackLoader:240 - Cannot read IP mode file for STMicroelectronics.X-CUBE-NFC10.1.0.0
2026-02-07 21:50:28,704 [WARN] PackLoader:240 - Cannot read IP mode file for STMicroelectronics.X-CUBE-ST60.1.1.0
2026-02-07 21:50:28,711 [WARN] PackLoader:240 - Cannot read IP mode file for emotas.I-CUBE-CANOPEN.1.3.0
2026-02-07 21:50:28,718 [WARN] PackLoader:240 - Cannot read IP mode file for STMicroelectronics.X-CUBE-GNSS1.7.1.0
2026-02-07 21:50:28,730 [WARN] PackLoader:240 - Cannot read IP mode file for STMicroelectronics.FP-SNS-STBOX1.2.1.0
2026-02-07 21:50:28,739 [WARN] PackLoader:240 - Cannot read IP mode file for STMicroelectronics.FP-SNS-SMARTAG2.1.2.0
2026-02-07 21:50:28,745 [WARN] PackLoader:240 - Cannot read IP mode file for STMicroelectronics.FP-SNS-FLIGHT1.5.1.0
2026-02-07 21:50:28,759 [INFO] LogOutputStream:77 - [STDOUT_REDIRECT] 1 : Invalid condition id : UX_CORESTACK_Condition cause : null
2026-02-07 21:50:28,760 [INFO] LogOutputStream:77 - [STDOUT_REDIRECT] 1 : Invalid condition id : UX_CORESTACK_Condition cause : null
2026-02-07 21:50:28,760 [INFO] LogOutputStream:77 - [STDOUT_REDIRECT] 1 : Invalid condition id : UX_CORESTACK_Condition cause : null
2026-02-07 21:50:28,760 [INFO] LogOutputStream:77 - [STDOUT_REDIRECT] 1 : Invalid condition id : UX_CORESTACK_Condition cause : null
2026-02-07 21:50:28,760 [INFO] LogOutputStream:77 - [STDOUT_REDIRECT] 1 : Invalid condition id : UX_CORESTACK_Condition cause : null
2026-02-07 21:50:28,765 [WARN] PackLoader:240 - Cannot read IP mode file for STMicroelectronics.X-CUBE-AZRTOS-WL.2.0.0
2026-02-07 21:50:28,773 [WARN] PackLoader:240 - Cannot read IP mode file for STMicroelectronics.FP-SNS-MOTENV1.5.0.0
2026-02-07 21:50:28,805 [WARN] PackLoader:240 - Cannot read IP mode file for STMicroelectronics.X-CUBE-AZRTOS-H7RS.1.2.0
2026-02-07 21:50:28,817 [WARN] PackLoader:240 - Cannot read IP mode file for STMicroelectronics.X-CUBE-BLE2.3.3.0
2026-02-07 21:50:28,840 [WARN] PackLoader:240 - Cannot read IP mode file for STMicroelectronics.X-CUBE-NFC9.1.0.0
2026-02-07 21:50:28,847 [WARN] PackLoader:240 - Cannot read IP mode file for wolfSSL.I-CUBE-wolfSSL.5.8.2
2026-02-07 21:50:28,852 [WARN] PackLoader:240 - Cannot read IP mode file for STMicroelectronics.X-CUBE-BLE1.7.1.0
2026-02-07 21:50:28,856 [WARN] PackLoader:240 - Cannot read IP mode file for wolfSSL.I-CUBE-wolfMQTT.1.19.2
2026-02-07 21:50:28,862 [WARN] PackLoader:240 - Cannot read IP mode file for STMicroelectronics.X-CUBE-FREERTOS.1.4.0
2026-02-07 21:50:28,870 [WARN] PackLoader:240 - Cannot read IP mode file for STMicroelectronics.X-CUBE-EEPRMA1.5.2.0
2026-02-07 21:50:28,880 [WARN] PackLoader:240 - Cannot read IP mode file for STMicroelectronics.X-CUBE-ST67W61.1.1.0
2026-02-07 21:50:28,944 [WARN] PackLoader:240 - Cannot read IP mode file for STMicroelectronics.X-CUBE-MEMS1.12.0.0
2026-02-07 21:50:29,078 [WARN] PackLoader:240 - Cannot read IP mode file for STMicroelectronics.X-CUBE-AZRTOS-G0.1.1.0
2026-02-07 21:50:29,085 [WARN] PackLoader:240 - Cannot read IP mode file for STMicroelectronics.X-CUBE-SAFEA1.1.2.2
2026-02-07 21:50:29,092 [WARN] PackLoader:240 - Cannot read IP mode file for STMicroelectronics.X-CUBE-NFC4.3.0.0
2026-02-07 21:50:29,103 [WARN] PackLoader:240 - Cannot read IP mode file for EmbeddedOffice.I-CUBE-FS-RTOS.1.0.1
2026-02-07 21:50:29,108 [WARN] PackLoader:240 - Cannot read IP mode file for STMicroelectronics.X-CUBE-WB05N.2.0.0
2026-02-07 21:50:29,112 [WARN] PackLoader:240 - Cannot read IP mode file for wolfSSL.I-CUBE-wolfTPM.3.8.0
2026-02-07 21:50:29,118 [WARN] PackLoader:240 - Cannot read IP mode file for STMicroelectronics.X-CUBE-TCPP.4.2.0
2026-02-07 21:50:29,125 [WARN] PackLoader:240 - Cannot read IP mode file for RealThread.X-CUBE-RT-Thread_Nano.4.1.1
2026-02-07 21:50:29,129 [WARN] PackLoader:240 - Cannot read IP mode file for STMicroelectronics.FP-ATR-SIGFOX1.3.2.0
2026-02-07 21:50:29,135 [WARN] PackLoader:240 - Cannot read IP mode file for ITTIA_DB.I-CUBE-ITTIADB.8.9.0
2026-02-07 21:50:29,144 [WARN] PackLoader:240 - Cannot read IP mode file for STMicroelectronics.X-CUBE-NFC6.3.2.0
2026-02-07 21:50:29,151 [WARN] PackLoader:240 - Cannot read IP mode file for STMicroelectronics.X-CUBE-AI.10.2.0
2026-02-07 21:50:29,187 [WARN] PackLoader:240 - Cannot read IP mode file for SEGGER.I-CUBE-embOS.1.3.1
2026-02-07 21:50:29,199 [INFO] WebApp:463 - Apply proxy settings
2026-02-07 21:50:29,199 [INFO] WebApp:548 - Chromium requires no authentication
2026-02-07 21:50:29,208 [INFO] WebApp:491 - Direct internet connection detected
2026-02-07 21:50:29,227 [INFO] WebApp:900 - Register for checkConnection events
2026-02-07 21:50:29,227 [INFO] WebApp:463 - Apply proxy settings
2026-02-07 21:50:29,227 [INFO] WebApp:548 - Chromium requires no authentication
2026-02-07 21:50:29,228 [INFO] WebApp:491 - Direct internet connection detected
2026-02-07 21:50:29,241 [WARN] PackLoader:240 - Cannot read IP mode file for STMicroelectronics.X-CUBE-ALGOBUILD.1.4.0
2026-02-07 21:50:29,308 [WARN] PackLoader:240 - Cannot read IP mode file for STMicroelectronics.X-CUBE-MEMS1.11.3.0
2026-02-07 21:50:29,425 [INFO] WebApp:225 - Starting web application
2026-02-07 21:50:29,425 [INFO] WebApp:593 - Web application path used /opt/st/stm32cubeide_1.19.0/plugins/com.st.stm32cube.common.mx_6.15.0.202507011659/db/plugins/mcufinder/reactClient1/index.html
2026-02-07 21:50:29,485 [WARN] PackLoader:240 - Cannot read IP mode file for STMicroelectronics.X-CUBE-PM33A1.1.0.0
2026-02-07 21:50:29,503 [WARN] PackLoader:240 - Cannot read IP mode file for STMicroelectronics.X-CUBE-AZRTOS-F4.1.1.0
2026-02-07 21:50:29,509 [WARN] PackLoader:240 - Cannot read IP mode file for STMicroelectronics.X-CUBE-ISPU.2.1.0
2026-02-07 21:50:29,523 [WARN] PackLoader:240 - Cannot read IP mode file for STMicroelectronics.X-CUBE-IPS.3.2.0
2026-02-07 21:50:29,537 [WARN] PackLoader:240 - Cannot read IP mode file for STMicroelectronics.X-CUBE-NFC12.1.0.0
2026-02-07 21:50:29,554 [WARN] PackLoader:240 - Cannot read IP mode file for STMicroelectronics.X-CUBE-AZRTOS-L5.2.0.0
2026-02-07 21:50:29,565 [WARN] PackLoader:240 - Cannot read IP mode file for STMicroelectronics.X-CUBE-NFC6.3.1.0
2026-02-07 21:50:29,574 [WARN] PackLoader:240 - Cannot read IP mode file for STMicroelectronics.X-CUBE-FREERTOS.1.3.1
2026-02-07 21:50:29,579 [WARN] PackLoader:240 - Cannot read IP mode file for STMicroelectronics.X-CUBE-TOUCHGFX.4.26.0
2026-02-07 21:50:29,583 [WARN] PackLoader:240 - Cannot read IP mode file for STMicroelectronics.FP-SNS-STAIOTCFT.1.0.0
2026-02-07 21:50:29,589 [WARN] PackLoader:240 - Cannot read IP mode file for STMicroelectronics.X-CUBE-DPower.1.3.0
2026-02-07 21:50:29,616 [WARN] ConditionMgr:438 - getConditionDescription Invalid condition id : LAN8742 Phy interface Condition cause : null
2026-02-07 21:50:29,617 [WARN] PackLoader:240 - Cannot read IP mode file for STMicroelectronics.X-CUBE-AZRTOS-L4.2.0.0
2026-02-07 21:50:29,619 [WARN] ConditionMgr:1044 - genDependencies : Invalid condition id : LAN8742 Phy interface Condition cause : null
2026-02-07 21:50:29,619 [WARN] ConditionMgr:1044 - genDependencies : Invalid condition id : LAN8742 Phy interface Condition cause : null
2026-02-07 21:50:29,620 [WARN] ConditionMgr:1044 - genDependencies : Invalid condition id : LAN8742 Phy interface Condition cause : null
2026-02-07 21:50:29,629 [WARN] PackLoader:240 - Cannot read IP mode file for STMicroelectronics.X-CUBE-SFXS2LP1.4.0.0
2026-02-07 21:50:29,638 [WARN] PackLoader:240 - Cannot read IP mode file for STMicroelectronics.X-CUBE-ST67W61.1.2.0
2026-02-07 21:50:29,650 [WARN] PackLoader:240 - Cannot read IP mode file for STMicroelectronics.X-CUBE-BLEMGR.4.1.0
2026-02-07 21:50:29,671 [WARN] ConditionMgr:438 - getConditionDescription Invalid condition id : UX DEVICE CLASS RTOS Condition cause : null
2026-02-07 21:50:29,671 [WARN] ConditionMgr:438 - getConditionDescription Invalid condition id : UX DEVICE CLASS RTOS Condition cause : null
2026-02-07 21:50:29,676 [WARN] PackLoader:240 - Cannot read IP mode file for STMicroelectronics.X-CUBE-AZRTOS-WB.2.0.0
2026-02-07 21:50:29,677 [WARN] ConditionMgr:1044 - genDependencies : Invalid condition id : UX DEVICE CLASS RTOS Condition cause : null
2026-02-07 21:50:29,677 [WARN] ConditionMgr:1044 - genDependencies : Invalid condition id : UX DEVICE CLASS RTOS Condition cause : null
2026-02-07 21:50:29,678 [WARN] ConditionMgr:1044 - genDependencies : Invalid condition id : UX DEVICE CLASS RTOS Condition cause : null
2026-02-07 21:50:29,678 [WARN] ConditionMgr:1044 - genDependencies : Invalid condition id : UX DEVICE CLASS RTOS Condition cause : null
2026-02-07 21:50:29,678 [WARN] ConditionMgr:1044 - genDependencies : Invalid condition id : UX DEVICE CLASS RTOS Condition cause : null
2026-02-07 21:50:29,685 [WARN] PackLoader:240 - Cannot read IP mode file for STMicroelectronics.X-CUBE-GNSS1.7.0.1
2026-02-07 21:50:29,691 [WARN] ConditionMgr:438 - getConditionDescription Invalid condition id : Cortex-A Device cause : null
2026-02-07 21:50:29,698 [WARN] ConditionMgr:1044 - genDependencies : Invalid condition id : Cortex-A Device cause : null
2026-02-07 21:50:29,698 [WARN] ConditionMgr:1044 - genDependencies : Invalid condition id : Cortex-A Device cause : null
2026-02-07 21:50:29,698 [WARN] ConditionMgr:1044 - genDependencies : Invalid condition id : Cortex-A Device cause : null
2026-02-07 21:50:29,704 [INFO] WebApp:191 - Connection restablished
2026-02-07 21:50:29,708 [WARN] PackLoader:240 - Cannot read IP mode file for STMicroelectronics.X-CUBE-STSE01.2.0.0
2026-02-07 21:50:29,722 [WARN] PackLoader:240 - Cannot read IP mode file for STMicroelectronics.X-CUBE-SUBG2.5.0.0
2026-02-07 21:50:29,747 [WARN] PackLoader:240 - Cannot read IP mode file for STMicroelectronics.X-CUBE-AZRTOS-H7RS.1.1.0
2026-02-07 21:50:29,764 [WARN] PackLoader:240 - Cannot read IP mode file for STMicroelectronics.X-CUBE-AZRTOS-G4.2.0.0
2026-02-07 21:50:29,769 [WARN] PackLoader:240 - Cannot read IP mode file for wolfSSL.I-CUBE-wolfSSH.1.4.20
2026-02-07 21:50:29,772 [WARN] PackLoader:240 - Cannot read IP mode file for STMicroelectronics.X-CUBE-NFC7.2.0.0
2026-02-07 21:50:29,777 [WARN] PackLoader:240 - Cannot read IP mode file for STMicroelectronics.X-CUBE-ALS.1.0.2
2026-02-07 21:50:29,786 [WARN] PackLoader:240 - Cannot read IP mode file for STMicroelectronics.X-CUBE-STSE01.1.0.0
2026-02-07 21:50:29,801 [WARN] PackLoader:240 - Cannot read IP mode file for STMicroelectronics.X-CUBE-TOF1.3.4.3
2026-02-07 21:50:29,815 [INFO] ThirdParty:978 - Integrity check success = true
2026-02-07 21:50:29,816 [INFO] IntegrityCheckThread:100 - exiting critical section [integrity check]
2026-02-07 21:50:29,816 [INFO] IntegrityCheckThread:103 - End integrity checks thread
2026-02-07 21:50:54,273 [ERROR] LogOutputStream:75 - [STDERR_REDIRECT] Feb 07, 2026 9:50:54 PM java.util.prefs.FileSystemPreferences checkLockFile0ErrorCode
2026-02-07 21:50:54,274 [ERROR] LogOutputStream:75 - [STDERR_REDIRECT] WARNING: Could not lock System prefs. Unix error code 2.
2026-02-07 21:50:54,274 [ERROR] LogOutputStream:75 - [STDERR_REDIRECT] 
2026-02-07 21:50:54,275 [ERROR] LogOutputStream:75 - [STDERR_REDIRECT] Feb 07, 2026 9:50:54 PM java.util.prefs.FileSystemPreferences syncWorld
2026-02-07 21:50:54,275 [ERROR] LogOutputStream:75 - [STDERR_REDIRECT] WARNING: Couldn't flush system prefs: java.util.prefs.BackingStoreException: Couldn't get file lock.
2026-02-07 21:50:54,275 [ERROR] LogOutputStream:75 - [STDERR_REDIRECT] 
2026-02-07 21:51:24,256 [ERROR] LogOutputStream:75 - [STDERR_REDIRECT] Feb 07, 2026 9:51:24 PM java.util.prefs.FileSystemPreferences checkLockFile0ErrorCode
2026-02-07 21:51:24,257 [ERROR] LogOutputStream:75 - [STDERR_REDIRECT] WARNING: Could not lock System prefs. Unix error code 2.
2026-02-07 21:51:24,257 [ERROR] LogOutputStream:75 - [STDERR_REDIRECT] 
2026-02-07 21:51:24,258 [ERROR] LogOutputStream:75 - [STDERR_REDIRECT] Feb 07, 2026 9:51:24 PM java.util.prefs.FileSystemPreferences syncWorld
2026-02-07 21:51:24,258 [ERROR] LogOutputStream:75 - [STDERR_REDIRECT] WARNING: Couldn't flush system prefs: java.util.prefs.BackingStoreException: Couldn't get file lock.
2026-02-07 21:51:24,258 [ERROR] LogOutputStream:75 - [STDERR_REDIRECT] 
2026-02-07 21:51:54,257 [ERROR] LogOutputStream:75 - [STDERR_REDIRECT] Feb 07, 2026 9:51:54 PM java.util.prefs.FileSystemPreferences checkLockFile0ErrorCode
2026-02-07 21:51:54,257 [ERROR] LogOutputStream:75 - [STDERR_REDIRECT] WARNING: Could not lock System prefs. Unix error code 2.
2026-02-07 21:51:54,258 [ERROR] LogOutputStream:75 - [STDERR_REDIRECT] 
2026-02-07 21:51:54,258 [ERROR] LogOutputStream:75 - [STDERR_REDIRECT] Feb 07, 2026 9:51:54 PM java.util.prefs.FileSystemPreferences syncWorld
2026-02-07 21:51:54,259 [ERROR] LogOutputStream:75 - [STDERR_REDIRECT] WARNING: Couldn't flush system prefs: java.util.prefs.BackingStoreException: Couldn't get file lock.
2026-02-07 21:51:54,259 [ERROR] LogOutputStream:75 - [STDERR_REDIRECT] 
2026-02-07 21:52:24,257 [ERROR] LogOutputStream:75 - [STDERR_REDIRECT] Feb 07, 2026 9:52:24 PM java.util.prefs.FileSystemPreferences checkLockFile0ErrorCode
2026-02-07 21:52:24,258 [ERROR] LogOutputStream:75 - [STDERR_REDIRECT] WARNING: Could not lock System prefs. Unix error code 2.
2026-02-07 21:52:24,258 [ERROR] LogOutputStream:75 - [STDERR_REDIRECT] 
2026-02-07 21:52:24,259 [ERROR] LogOutputStream:75 - [STDERR_REDIRECT] Feb 07, 2026 9:52:24 PM java.util.prefs.FileSystemPreferences syncWorld
2026-02-07 21:52:24,259 [ERROR] LogOutputStream:75 - [STDERR_REDIRECT] WARNING: Couldn't flush system prefs: java.util.prefs.BackingStoreException: Couldn't get file lock.
2026-02-07 21:52:24,259 [ERROR] LogOutputStream:75 - [STDERR_REDIRECT] 
2026-02-07 21:52:54,255 [ERROR] LogOutputStream:75 - [STDERR_REDIRECT] Feb 07, 2026 9:52:54 PM java.util.prefs.FileSystemPreferences checkLockFile0ErrorCode
2026-02-07 21:52:54,256 [ERROR] LogOutputStream:75 - [STDERR_REDIRECT] WARNING: Could not lock System prefs. Unix error code 2.
2026-02-07 21:52:54,256 [ERROR] LogOutputStream:75 - [STDERR_REDIRECT] 
2026-02-07 21:52:54,257 [ERROR] LogOutputStream:75 - [STDERR_REDIRECT] Feb 07, 2026 9:52:54 PM java.util.prefs.FileSystemPreferences syncWorld
2026-02-07 21:52:54,257 [ERROR] LogOutputStream:75 - [STDERR_REDIRECT] WARNING: Couldn't flush system prefs: java.util.prefs.BackingStoreException: Couldn't get file lock.
2026-02-07 21:52:54,257 [ERROR] LogOutputStream:75 - [STDERR_REDIRECT] 
2026-02-07 21:53:24,258 [ERROR] LogOutputStream:75 - [STDERR_REDIRECT] Feb 07, 2026 9:53:24 PM java.util.prefs.FileSystemPreferences checkLockFile0ErrorCode
2026-02-07 21:53:24,258 [ERROR] LogOutputStream:75 - [STDERR_REDIRECT] WARNING: Could not lock System prefs. Unix error code 2.
2026-02-07 21:53:24,259 [ERROR] LogOutputStream:75 - [STDERR_REDIRECT] 
2026-02-07 21:53:24,260 [ERROR] LogOutputStream:75 - [STDERR_REDIRECT] Feb 07, 2026 9:53:24 PM java.util.prefs.FileSystemPreferences syncWorld
2026-02-07 21:53:24,260 [ERROR] LogOutputStream:75 - [STDERR_REDIRECT] WARNING: Couldn't flush system prefs: java.util.prefs.BackingStoreException: Couldn't get file lock.
2026-02-07 21:53:24,260 [ERROR] LogOutputStream:75 - [STDERR_REDIRECT] 
2026-02-07 21:53:54,256 [ERROR] LogOutputStream:75 - [STDERR_REDIRECT] Feb 07, 2026 9:53:54 PM java.util.prefs.FileSystemPreferences checkLockFile0ErrorCode
2026-02-07 21:53:54,257 [ERROR] LogOutputStream:75 - [STDERR_REDIRECT] WARNING: Could not lock System prefs. Unix error code 2.
2026-02-07 21:53:54,257 [ERROR] LogOutputStream:75 - [STDERR_REDIRECT] 
2026-02-07 21:53:54,257 [ERROR] LogOutputStream:75 - [STDERR_REDIRECT] Feb 07, 2026 9:53:54 PM java.util.prefs.FileSystemPreferences syncWorld
2026-02-07 21:53:54,258 [ERROR] LogOutputStream:75 - [STDERR_REDIRECT] WARNING: Couldn't flush system prefs: java.util.prefs.BackingStoreException: Couldn't get file lock.
2026-02-07 21:53:54,258 [ERROR] LogOutputStream:75 - [STDERR_REDIRECT] 
2026-02-07 21:54:24,258 [ERROR] LogOutputStream:75 - [STDERR_REDIRECT] Feb 07, 2026 9:54:24 PM java.util.prefs.FileSystemPreferences checkLockFile0ErrorCode
2026-02-07 21:54:24,258 [ERROR] LogOutputStream:75 - [STDERR_REDIRECT] WARNING: Could not lock System prefs. Unix error code 2.
2026-02-07 21:54:24,258 [ERROR] LogOutputStream:75 - [STDERR_REDIRECT] 
2026-02-07 21:54:24,259 [ERROR] LogOutputStream:75 - [STDERR_REDIRECT] Feb 07, 2026 9:54:24 PM java.util.prefs.FileSystemPreferences syncWorld
2026-02-07 21:54:24,259 [ERROR] LogOutputStream:75 - [STDERR_REDIRECT] WARNING: Couldn't flush system prefs: java.util.prefs.BackingStoreException: Couldn't get file lock.
2026-02-07 21:54:24,260 [ERROR] LogOutputStream:75 - [STDERR_REDIRECT] 
2026-02-07 21:54:54,256 [ERROR] LogOutputStream:75 - [STDERR_REDIRECT] Feb 07, 2026 9:54:54 PM java.util.prefs.FileSystemPreferences checkLockFile0ErrorCode
2026-02-07 21:54:54,256 [ERROR] LogOutputStream:75 - [STDERR_REDIRECT] WARNING: Could not lock System prefs. Unix error code 2.
2026-02-07 21:54:54,257 [ERROR] LogOutputStream:75 - [STDERR_REDIRECT] 
2026-02-07 21:54:54,257 [ERROR] LogOutputStream:75 - [STDERR_REDIRECT] Feb 07, 2026 9:54:54 PM java.util.prefs.FileSystemPreferences syncWorld
2026-02-07 21:54:54,258 [ERROR] LogOutputStream:75 - [STDERR_REDIRECT] WARNING: Couldn't flush system prefs: java.util.prefs.BackingStoreException: Couldn't get file lock.
2026-02-07 21:54:54,258 [ERROR] LogOutputStream:75 - [STDERR_REDIRECT] 
2026-02-07 21:55:01,453 [INFO] WebApp:194 - Connection lost
2026-02-07 21:55:01,626 [INFO] WebApp:191 - Connection restablished
2026-02-07 21:55:24,257 [ERROR] LogOutputStream:75 - [STDERR_REDIRECT] Feb 07, 2026 9:55:24 PM java.util.prefs.FileSystemPreferences checkLockFile0ErrorCode
2026-02-07 21:55:24,257 [ERROR] LogOutputStream:75 - [STDERR_REDIRECT] WARNING: Could not lock System prefs. Unix error code 2.
2026-02-07 21:55:24,258 [ERROR] LogOutputStream:75 - [STDERR_REDIRECT] 
2026-02-07 21:55:24,258 [ERROR] LogOutputStream:75 - [STDERR_REDIRECT] Feb 07, 2026 9:55:24 PM java.util.prefs.FileSystemPreferences syncWorld
2026-02-07 21:55:24,259 [ERROR] LogOutputStream:75 - [STDERR_REDIRECT] WARNING: Couldn't flush system prefs: java.util.prefs.BackingStoreException: Couldn't get file lock.
2026-02-07 21:55:24,259 [ERROR] LogOutputStream:75 - [STDERR_REDIRECT] 
2026-02-07 21:55:54,258 [ERROR] LogOutputStream:75 - [STDERR_REDIRECT] Feb 07, 2026 9:55:54 PM java.util.prefs.FileSystemPreferences checkLockFile0ErrorCode
2026-02-07 21:55:54,258 [ERROR] LogOutputStream:75 - [STDERR_REDIRECT] WARNING: Could not lock System prefs. Unix error code 2.
2026-02-07 21:55:54,258 [ERROR] LogOutputStream:75 - [STDERR_REDIRECT] 
2026-02-07 21:55:54,259 [ERROR] LogOutputStream:75 - [STDERR_REDIRECT] Feb 07, 2026 9:55:54 PM java.util.prefs.FileSystemPreferences syncWorld
2026-02-07 21:55:54,259 [ERROR] LogOutputStream:75 - [STDERR_REDIRECT] WARNING: Couldn't flush system prefs: java.util.prefs.BackingStoreException: Couldn't get file lock.
2026-02-07 21:55:54,259 [ERROR] LogOutputStream:75 - [STDERR_REDIRECT] 
2026-02-07 21:56:24,258 [ERROR] LogOutputStream:75 - [STDERR_REDIRECT] Feb 07, 2026 9:56:24 PM java.util.prefs.FileSystemPreferences checkLockFile0ErrorCode
2026-02-07 21:56:24,258 [ERROR] LogOutputStream:75 - [STDERR_REDIRECT] WARNING: Could not lock System prefs. Unix error code 2.
2026-02-07 21:56:24,258 [ERROR] LogOutputStream:75 - [STDERR_REDIRECT] 
2026-02-07 21:56:24,259 [ERROR] LogOutputStream:75 - [STDERR_REDIRECT] Feb 07, 2026 9:56:24 PM java.util.prefs.FileSystemPreferences syncWorld
2026-02-07 21:56:24,259 [ERROR] LogOutputStream:75 - [STDERR_REDIRECT] WARNING: Couldn't flush system prefs: java.util.prefs.BackingStoreException: Couldn't get file lock.
2026-02-07 21:56:24,259 [ERROR] LogOutputStream:75 - [STDERR_REDIRECT] 
2026-02-07 21:56:54,259 [ERROR] LogOutputStream:75 - [STDERR_REDIRECT] Feb 07, 2026 9:56:54 PM java.util.prefs.FileSystemPreferences checkLockFile0ErrorCode
2026-02-07 21:56:54,259 [ERROR] LogOutputStream:75 - [STDERR_REDIRECT] WARNING: Could not lock System prefs. Unix error code 2.
2026-02-07 21:56:54,260 [ERROR] LogOutputStream:75 - [STDERR_REDIRECT] 
2026-02-07 21:56:54,261 [ERROR] LogOutputStream:75 - [STDERR_REDIRECT] Feb 07, 2026 9:56:54 PM java.util.prefs.FileSystemPreferences syncWorld
2026-02-07 21:56:54,261 [ERROR] LogOutputStream:75 - [STDERR_REDIRECT] WARNING: Couldn't flush system prefs: java.util.prefs.BackingStoreException: Couldn't get file lock.
2026-02-07 21:56:54,261 [ERROR] LogOutputStream:75 - [STDERR_REDIRECT] 
2026-02-07 21:57:00,170 [INFO] McuFinderGlobals:63 - Set McuFinder mode to 2 (CubeIDE integrated)
2026-02-07 21:57:03,459 [INFO] MainUpdater:2872 - connection check result : 10
2026-02-07 21:57:03,460 [INFO] MainUpdater:2872 - connection check result : 10
2026-02-07 21:57:03,506 [INFO] MicroXplorer:468 - Change Database Path : 
2026-02-07 21:57:03,506 [INFO] MicroXplorer:498 - Change Database Version : DB.6.0.150
2026-02-07 21:57:03,515 [WARN] ThirdParty:871 - waiting for thirdparty lock release [close project]
2026-02-07 21:57:03,515 [INFO] ThirdParty:873 - entering critical section [close project]
2026-02-07 21:57:03,518 [INFO] ThirdParty:883 - exiting critical section [close project]
2026-02-07 21:57:03,522 [INFO] PinOutPanel:1589 - setPackage(No Configuration,No Configuration)
2026-02-07 21:57:03,526 [INFO] UtilMem:75 - Begin LoadConfig() Used Memory: 738498200 Bytes (1066401792)
2026-02-07 21:57:03,528 [INFO] MicroXplorer:468 - Change Database Path : 
2026-02-07 21:57:03,529 [INFO] MicroXplorer:498 - Change Database Version : DB.6.0.150
2026-02-07 21:57:03,529 [INFO] OpenFileManager:355 - Change cursor
2026-02-07 21:57:03,609 [INFO] Mcu:2029 - Initializing MCU STM32F446R(C-E)Tx STM32F446RETx STM32F446RET6
2026-02-07 21:57:06,938 [INFO] Context:786 - Trying to add GPIOservice into a context  which must be forbidden
2026-02-07 21:57:07,959 [INFO] ImportTextPane:234 - (OptionalMessage_ERROR) Pin18 (VP_RIF_VS_RIF1) cannot be retrieved for this MCU
2026-02-07 21:57:08,324 [INFO] RtosManager:558 - Registered RTOS mode: class=CMSIS, group=RTOS, mode=CMSIS_V1, owner=FREERTOS
2026-02-07 21:57:08,324 [INFO] RtosManager:558 - Registered RTOS mode: class=CMSIS, group=RTOS2, mode=CMSIS_V2, owner=FREERTOS
2026-02-07 21:57:08,325 [INFO] RtosManager:558 - Registered RTOS mode: class=RTOS, group=Core, mode=CMSIS_V1, owner=FREERTOS
2026-02-07 21:57:08,325 [INFO] RtosManager:558 - Registered RTOS mode: class=RTOS, group=Core, mode=CMSIS_V2, owner=FREERTOS
2026-02-07 21:57:08,325 [WARN] ModelIntegratedComponent:184 - Missing modes for component STMicroelectronics:FreeRTOS:0.0.1:STMicroelectronics:RTOS:FreeRTOS:Core:::10.2.0:
2026-02-07 21:57:08,353 [WARN] ModelIntegratedComponent:63 - No mode defined for component null
2026-02-07 21:57:08,353 [WARN] ModelIntegratedComponent:63 - No mode defined for component null
2026-02-07 21:57:08,353 [WARN] ModelIntegratedComponent:63 - No mode defined for component null
2026-02-07 21:57:08,354 [WARN] ModelIntegratedComponent:63 - No mode defined for component null
2026-02-07 21:57:08,354 [WARN] ModelIntegratedComponent:63 - No mode defined for component null
2026-02-07 21:57:08,354 [WARN] ModelIntegratedComponent:63 - No mode defined for component null
2026-02-07 21:57:08,354 [WARN] ModelIntegratedComponent:63 - No mode defined for component null
2026-02-07 21:57:08,354 [WARN] ModelIntegratedComponent:63 - No mode defined for component null
2026-02-07 21:57:08,354 [WARN] ModelIntegratedComponent:63 - No mode defined for component null
2026-02-07 21:57:08,355 [WARN] ModelIntegratedComponent:63 - No mode defined for component null
2026-02-07 21:57:08,355 [WARN] ModelIntegratedComponent:63 - No mode defined for component null
2026-02-07 21:57:08,355 [WARN] ModelIntegratedComponent:63 - No mode defined for component null
2026-02-07 21:57:08,355 [WARN] ModelIntegratedComponent:63 - No mode defined for component null
2026-02-07 21:57:08,355 [WARN] ModelIntegratedComponent:63 - No mode defined for component null
2026-02-07 21:57:08,355 [WARN] ModelIntegratedComponent:63 - No mode defined for component null
2026-02-07 21:57:08,355 [WARN] ModelIntegratedComponent:63 - No mode defined for component null
2026-02-07 21:57:08,355 [WARN] ModelIntegratedComponent:63 - No mode defined for component null
2026-02-07 21:57:08,355 [WARN] ModelIntegratedComponent:63 - No mode defined for component null
2026-02-07 21:57:08,355 [WARN] ModelIntegratedComponent:63 - No mode defined for component null
2026-02-07 21:57:08,356 [WARN] ModelIntegratedComponent:63 - No mode defined for component null
2026-02-07 21:57:08,356 [WARN] ModelIntegratedComponent:63 - No mode defined for component null
2026-02-07 21:57:08,356 [WARN] ModelIntegratedComponent:63 - No mode defined for component null
2026-02-07 21:57:08,356 [WARN] ModelIntegratedComponent:63 - No mode defined for component null
2026-02-07 21:57:08,356 [WARN] ModelIntegratedComponent:63 - No mode defined for component null
2026-02-07 21:57:08,356 [WARN] ModelIntegratedComponent:63 - No mode defined for component null
2026-02-07 21:57:08,356 [WARN] ModelIntegratedComponent:63 - No mode defined for component null
2026-02-07 21:57:08,357 [WARN] ModelIntegratedComponent:63 - No mode defined for component null
2026-02-07 21:57:08,357 [WARN] ModelIntegratedComponent:63 - No mode defined for component null
2026-02-07 21:57:08,357 [WARN] ModelIntegratedComponent:63 - No mode defined for component null
2026-02-07 21:57:08,357 [WARN] ModelIntegratedComponent:63 - No mode defined for component null
2026-02-07 21:57:08,357 [WARN] ModelIntegratedComponent:63 - No mode defined for component null
2026-02-07 21:57:08,357 [WARN] ModelIntegratedComponent:63 - No mode defined for component null
2026-02-07 21:57:08,357 [WARN] ModelIntegratedComponent:63 - No mode defined for component null
2026-02-07 21:57:08,357 [WARN] ModelIntegratedComponent:63 - No mode defined for component null
2026-02-07 21:57:08,357 [WARN] ModelIntegratedComponent:63 - No mode defined for component null
2026-02-07 21:57:08,358 [WARN] ModelPack:524 - Component already loaded: STMicroelectronics:HAL Drivers:0.0.0:STMicroelectronics:Device:STMicro_Driver:XSPI:HAL::0.0.1:HAL_XSPI
2026-02-07 21:57:08,546 [INFO] ThirdPartyModel:298 - Start build external matchings
2026-02-07 21:57:09,980 [INFO] ThirdPartyModel:316 - End build external matchings
2026-02-07 21:57:10,023 [INFO] RtosManager:1018 - Current active RTOS is FREERTOS [Cortex-M4NS]
2026-02-07 21:57:10,467 [INFO] ApiDb:581 - Connected to CubeFinder SQLite database (/home/mahdlinux/.stmcufinder/plugins/mcufinder/mcu/cube-finder-db.db)
2026-02-07 21:57:10,544 [INFO] ApiDb:668 - CubeFinder database Data Model version=2.1
2026-02-07 21:57:10,544 [INFO] ApiDb:669 - CubeFinder database Configuration version=3.0.39
2026-02-07 21:57:10,544 [INFO] ApiDb:670 - CubeFinder database generation date=2025-12-22 (1766407740)
2026-02-07 21:57:10,544 [INFO] ApiDb:671 - CubeFinder database FW Pack versions=[FP-ATR-ASTRA1_V2.0.0, FP-SNS-FLIGHT1_V5.1.0, FP-SNS-MOTENV1_V5.1.0, FP-SNS-MOTENVWB1_V1.4.0, FP-SNS-SMARTAG2_V1.2.0, FP-SNS-STBOX1_V2.1.0, STM32Cube_FW_C0_V1.4.0, STM32Cube_FW_F4_V1.28.3, STM32Cube_FW_F7_V1.17.4, STM32Cube_FW_G0_V1.6.2, STM32Cube_FW_G4_V1.6.1, STM32Cube_FW_H5_V1.5.1, STM32Cube_FW_H7RS_V1.3.0, STM32Cube_FW_H7_V1.12.1, STM32Cube_FW_L0_V1.12.2, STM32Cube_FW_L4_V1.18.1, STM32Cube_FW_L5_V1.6.0, STM32Cube_FW_N6_V1.3.0, STM32Cube_FW_U0_V1.3.0, STM32Cube_FW_U3_V1.2.1, STM32Cube_FW_U5_V1.8.0, STM32Cube_FW_WB0_V1.4.0, STM32Cube_FW_WBA_V1.8.0, STM32Cube_FW_WB_V1.24.0, STM32Cube_FW_WL3_V1.3.0, STM32Cube_FW_WL_V1.4.0, X-CUBE-ALGOBUILD_V1.4.0, X-CUBE-ALS_V1.0.2, X-CUBE-AZRTOS-F4_V1.1.0, X-CUBE-AZRTOS-F7_V1.1.0, X-CUBE-AZRTOS-G0_V1.1.0, X-CUBE-AZRTOS-G4_V2.0.0, X-CUBE-AZRTOS-H7RS_V1.1.0, X-CUBE-AZRTOS-H7_V3.4.0, X-CUBE-AZRTOS-L4_V2.0.0, X-CUBE-AZRTOS-L5_V2.0.0, X-CUBE-AZRTOS-WB_V2.0.0, X-CUBE-AZRTOS-WL_V2.0.0, X-CUBE-BLE1_V7.1.0, X-CUBE-BLE2_V3.3.0, X-CUBE-BLEMGR_V4.1.0, X-CUBE-EEPRMA1_V5.2.0, X-CUBE-FREERTOS_V1.3.1, X-CUBE-GNSS1_V6.0.0, X-CUBE-MEMS1_V12.0.0, X-CUBE-NFC4_V3.0.0, X-CUBE-NFC7_V2.0.0, X-CUBE-SFXS2LP1_V4.0.0, X-CUBE-ST67W61_V1.1.0, X-CUBE-SUBG2_V5.0.0, X-CUBE-TOF1_V3.4.3]
2026-02-07 21:57:10,637 [INFO] DbBoardsSqlite:226 - include board P-NUCLEO-WB55-NUCLEO as a kit item of type 'Nucleo-64'
2026-02-07 21:57:10,637 [INFO] DbBoardsSqlite:226 - include board P-NUCLEO-WB55-USBDONGLE as a kit item of type 'Nucleo USB Dongle'
2026-02-07 21:57:10,638 [INFO] DbBoardsSqlite:226 - include board STEVAL-IDP005V1 as a kit item of type 'Evaluation Board'
2026-02-07 21:57:10,639 [INFO] DbBoardsSqlite:226 - include board STEVAL-IDP005V2 as a kit item of type 'Evaluation Board'
2026-02-07 21:57:10,752 [INFO] ApiDb:240 - Found 880 in-development CPN: [B-G473E-ZEST1S, B-WB1M-WPAN1, B-WBA5M-WPAN, B-WL5M-SUBG1, NUCLEO-C031C6, NUCLEO-C051C8, NUCLEO-C071RB, NUCLEO-C092RC, NUCLEO-H503RB, NUCLEO-H533RE, NUCLEO-H563ZI, NUCLEO-H7S3L8, NUCLEO-N657X0-Q, NUCLEO-U031R8, NUCLEO-U083RC, NUCLEO-U385RG-Q, NUCLEO-U545RE-Q, NUCLEO-U5A5ZJ-Q, NUCLEO-WB05KZ, NUCLEO-WB07CC, NUCLEO-WB09KE, NUCLEO-WBA52CG, NUCLEO-WBA55CG, NUCLEO-WL33CC1, NUCLEO-WL33CC2, STEVAL-PROTEUS1, STEVAL-SMARTAG2, STEVAL-STWINBX1, STM320518-EVAL, STM32C0116-DK, STM32C011D6Y3TR, STM32C011D6Y6TR, STM32C011F4P3, STM32C011F4P6, STM32C011F4U3, STM32C011F4U6TR, STM32C011F6P3, STM32C011F6P6, STM32C011F6U3, STM32C011F6U6TR, STM32C011J4M3, STM32C011J4M6, STM32C011J6M3, STM32C011J6M6, STM32C0316-DK, STM32C031C4T3, STM32C031C4T6, STM32C031C4U3, STM32C031C4U6, STM32C031C6T3, STM32C031C6T6, STM32C031C6U3, STM32C031C6U6, STM32C031F4P3, STM32C031F4P6, STM32C031F6P3, STM32C031F6P6, STM32C031G4U3, STM32C031G4U6, STM32C031G6U3, STM32C031G6U6, STM32C031K4T3, STM32C031K4T6, STM32C031K4U3, STM32C031K4U6, STM32C031K6T3, STM32C031K6T6, STM32C031K6U3, STM32C031K6U6, STM32C051C6T6, STM32C051C6U6, STM32C051C8T6, STM32C051C8U6, STM32C051D8Y6TR, STM32C051F6P6, STM32C051F8P6, STM32C051G6U6, STM32C051G8U6, STM32C051K6T6, STM32C051K6U6, STM32C051K8T6, STM32C071C8T6, STM32C071C8T6N, STM32C071C8U6, STM32C071C8U6N, STM32C071CBT6, STM32C071CBT6N, STM32C071CBU6, STM32C071CBU6N, STM32C071F8P6, STM32C071F8P6N, STM32C071FBP6, STM32C071FBP6N, STM32C071FBY6TR, STM32C071G8U6, STM32C071G8U6N, STM32C071GBU6, STM32C071GBU6N, STM32C071K8T6, STM32C071K8T6N, STM32C071K8U6, STM32C071K8U6N, STM32C071KBT6, STM32C071KBT6N, STM32C071KBU6, STM32C071KBU6N, STM32C071R8T6, STM32C071R8T6N, STM32C071RBI6N, STM32C071RBT6, STM32C071RBT6N, STM32C091CBT6, STM32C091CBU6, STM32C091CCT6, STM32C091CCU6, STM32C091ECY6TR, STM32C091FBP6, STM32C091FCP6, STM32C091GBU6, STM32C091GCU6, STM32C091KBT6, STM32C091KBU6, STM32C091KCT6, STM32C091KCU6, STM32C091RBT6, STM32C091RCI6, STM32C091RCT6, STM32C092CBT6, STM32C092CBU6, STM32C092CCT6, STM32C092CCU6, STM32C092ECY6TR, STM32C092FBP6, STM32C092FCP6, STM32C092GBU6, STM32C092GCU6, STM32C092KBT6, STM32C092KBU6, STM32C092KCT6, STM32C092KCU6, STM32C092RBT6, STM32C092RCI6, STM32C092RCT6, STM32G071K8TXN, STM32G071K8UXN, STM32G081GBU6N, STM32G081KBT6N, STM32G081KBUXN, STM32G0B1CCT6N, STM32G0B1KCT6, STM32G0B1NEY6TR, STM32G0B1RCT6N, STM32G0C1CCT6, STM32G0C1CCT6N, STM32G0C1CCU6N, STM32G0C1CET6N, STM32G0C1CEU6N, STM32G0C1KCT6, STM32G0C1NEY6TR, STM32G0C1RCI6N, STM32G0C1RCT6N, STM32G0C1REI6N, STM32G0C1RET6N, STM32G0C1VCI6, STM32G0C1VEI6, STM32G411C6T3, STM32G411C6T6, STM32G411C6U3, STM32G411C6U6, STM32G411C8T3, STM32G411C8T6, STM32G411C8U3, STM32G411C8U6, STM32G411CBT3, STM32G411CBT6, STM32G411CBU3, STM32G411CBU6, STM32G411K6T3, STM32G411K6T6, STM32G411K6U3, STM32G411K6U6, STM32G411K8T3, STM32G411K8T6, STM32G411K8U3, STM32G411K8U6, STM32G411KBT3, STM32G411KBT6, STM32G411KBU3, STM32G411KBU6, STM32G411M6T3, STM32G411M6T6, STM32G411M8T3, STM32G411M8T6, STM32G411MBT3, STM32G411MBT6, STM32G411R6T3, STM32G411R6T6, STM32G411R8T3, STM32G411R8T6, STM32G411RBT3, STM32G411RBT6, STM32G414CBT3, STM32G414CBT6, STM32G414CBU3, STM32G414CBU6, STM32G414CCT3, STM32G414CCT6, STM32G414CCU3, STM32G414CCU6, STM32G414MBT3, STM32G414MBT6, STM32G414MCT3, STM32G414MCT6, STM32G414RBT3, STM32G414RBT6, STM32G414RCT3, STM32G414RCT6, STM32G414VBT3, STM32G414VBT6, STM32G414VCT3, STM32G414VCT6, STM32G431CBT3Z, STM32G431RBT3Z, STM32G471CCT6, STM32G471CCU6, STM32G471CET3, STM32G471CET6, STM32G471CEU3, STM32G471CEU6, STM32G471MCT6, STM32G471MET3, STM32G471MET6, STM32G471MEY6TR, STM32G471QCT6, STM32G471QET3, STM32G471RCT6, STM32G471RET3, STM32G471RET6, STM32G471VCH6, STM32G471VCI6, STM32G471VCT6, STM32G471VEH3, STM32G471VEH6, STM32G471VEI3, STM32G471VEI6, STM32G471VET3, STM32G471VET6, STM32G473QET3Z, STM32G473RET3Z, STM32G474CCT6, STM32G491RET3Z, STM32H503CBT6, STM32H503CBU6, STM32H503EBY6TR, STM32H503KBU6, STM32H503RBT6, STM32H523CCT6, STM32H523CCU6, STM32H523CET6, STM32H523CEU6, STM32H523HEY6TR, STM32H523RCT6, STM32H523RET6, STM32H523VCI6, STM32H523VCT6, STM32H523VEI6, STM32H523VET6, STM32H523ZCJ6, STM32H523ZCT6, STM32H523ZEJ6, STM32H523ZET6, STM32H533CET6, STM32H533CEU6, STM32H533HEY6TR, STM32H533RET6, STM32H533VEI6, STM32H533VET6, STM32H533ZEJ6, STM32H533ZET6, STM32H562AGI6, STM32H562AII6, STM32H562IGK6, STM32H562IGT6, STM32H562IIK6, STM32H562IIT6, STM32H562RGT6, STM32H562RGV6, STM32H562RIT6, STM32H562RIV6, STM32H562VGT6, STM32H562VIT6, STM32H562ZGT6, STM32H562ZIT6, STM32H563AGI6, STM32H563AII3Q, STM32H563AII6, STM32H563IGK6, STM32H563IGT6, STM32H563IIK3Q, STM32H563IIK6, STM32H563IIT3Q, STM32H563IIT6, STM32H563MIY3QTR, STM32H563RGT6, STM32H563RGV6, STM32H563RIT6, STM32H563RIV6, STM32H563VGT6, STM32H563VIT3Q, STM32H563VIT6, STM32H563ZGT6, STM32H563ZIT3Q, STM32H563ZIT6, STM32H573AII3Q, STM32H573AII6, STM32H573I-DK, STM32H573IIK3Q, STM32H573IIK6, STM32H573IIT3Q, STM32H573IIT6, STM32H573MIY3QTR, STM32H573RIT6, STM32H573RIV6, STM32H573VIT3Q, STM32H573VIT6, STM32H573ZIT3Q, STM32H573ZIT6, STM32H7R3A8I6, STM32H7R3I8K6, STM32H7R3I8T6, STM32H7R3L8H6, STM32H7R3L8H6H, STM32H7R3R8V6, STM32H7R3V8H6, STM32H7R3V8T6, STM32H7R3V8Y6TR, STM32H7R3Z8J6, STM32H7R3Z8T6, STM32H7R7A8I6, STM32H7R7I8K6, STM32H7R7I8T6, STM32H7R7L8H6, STM32H7R7L8H6H, STM32H7R7Z8J6, STM32H7S3A8I6, STM32H7S3I8K6, STM32H7S3I8T6, STM32H7S3L8H6, STM32H7S3L8H6H, STM32H7S3R8V6, STM32H7S3V8H6, STM32H7S3V8T6, STM32H7S3V8Y6TR, STM32H7S3Z8J6, STM32H7S3Z8T6, STM32H7S78-DK, STM32H7S7A8I6, STM32H7S7I8K6, STM32H7S7I8T6, STM32H7S7L8H6, STM32H7S7L8H6H, STM32H7S7Z8J6, STM32L4R5QGI6STR, STM32MP131AAE3, STM32MP131AAF3, STM32MP131AAG3, STM32MP131CAE3, STM32MP131CAF3, STM32MP131CAG3, STM32MP131DAE7, STM32MP131DAF7, STM32MP131DAG7, STM32MP131FAE7, STM32MP131FAF7, STM32MP131FAG7, STM32MP133AAE3, STM32MP133AAF3, STM32MP133AAG3, STM32MP133CAE3, STM32MP133CAF3, STM32MP133CAG3, STM32MP133DAE7, STM32MP133DAF7, STM32MP133DAG7, STM32MP133FAE7, STM32MP133FAF7, STM32MP133FAG7, STM32MP135AAE3, STM32MP135AAF3, STM32MP135AAG3, STM32MP135CAE3, STM32MP135CAF3, STM32MP135CAG3, STM32MP135DAE7, STM32MP135DAF7, STM32MP135DAG7, STM32MP135F-DK, STM32MP135FAE7, STM32MP135FAF7, STM32MP135FAF7T, STM32MP135FAF7U, STM32MP135FAG7, STM32MP211AAL3, STM32MP211AAM3, STM32MP211AAN3, STM32MP211AAO3, STM32MP211CAL3, STM32MP211CAM3, STM32MP211CAN3, STM32MP211CAO3, STM32MP211DAL3, STM32MP211DAM3, STM32MP211DAN3, STM32MP211DAO3, STM32MP211FAL3, STM32MP211FAM3, STM32MP211FAN3, STM32MP211FAO3, STM32MP213AAL3, STM32MP213AAM3, STM32MP213AAN3, STM32MP213AAO3, STM32MP213CAL3, STM32MP213CAM3, STM32MP213CAN3, STM32MP213CAO3, STM32MP213DAL3, STM32MP213DAM3, STM32MP213DAN3, STM32MP213DAO3, STM32MP213FAL3, STM32MP213FAM3, STM32MP213FAN3, STM32MP213FAO3, STM32MP215AAL3, STM32MP215AAM3, STM32MP215AAN3, STM32MP215AAO3, STM32MP215CAL3, STM32MP215CAM3, STM32MP215CAN3, STM32MP215CAO3, STM32MP215DAL3, STM32MP215DAM3, STM32MP215DAN3, STM32MP215DAO3, STM32MP215F-DK, STM32MP215FAL3, STM32MP215FAM3, STM32MP215FAN3, STM32MP215FAO3, STM32MP231AAJ3, STM32MP231AAK3, STM32MP231AAL3, STM32MP231CAJ3, STM32MP231CAK3, STM32MP231CAL3, STM32MP231DAJ3, STM32MP231DAK3, STM32MP231DAL3, STM32MP231FAJ3, STM32MP231FAK3, STM32MP231FAL3, STM32MP233AAJ3, STM32MP233AAK3, STM32MP233AAL3, STM32MP233CAJ3, STM32MP233CAK3, STM32MP233CAL3, STM32MP233DAJ3, STM32MP233DAK3, STM32MP233DAL3, STM32MP233FAJ3, STM32MP233FAK3, STM32MP233FAL3, STM32MP235AAJ3, STM32MP235AAK3, STM32MP235AAL3, STM32MP235CAJ3, STM32MP235CAK3, STM32MP235CAL3, STM32MP235DAJ3, STM32MP235DAK3, STM32MP235DAL3, STM32MP235FAJ3, STM32MP235FAK3, STM32MP235FAL3, STM32MP251AAI3, STM32MP251AAK3, STM32MP251AAL3, STM32MP251CAI3, STM32MP251CAK3, STM32MP251CAL3, STM32MP251DAI3, STM32MP251DAK3, STM32MP251DAL3, STM32MP251FAI3, STM32MP251FAK3, STM32MP251FAL3, STM32MP253AAI3, STM32MP253AAK3, STM32MP253AAL3, STM32MP253CAI3, STM32MP253CAK3, STM32MP253CAL3, STM32MP253DAI3, STM32MP253DAK3, STM32MP253DAL3, STM32MP253FAI3, STM32MP253FAK3, STM32MP253FAL3, STM32MP255AAI3, STM32MP255AAK3, STM32MP255AAL3, STM32MP255CAI3, STM32MP255CAK3, STM32MP255CAL3, STM32MP255DAI3, STM32MP255DAK3, STM32MP255DAL3, STM32MP255FAI3, STM32MP255FAK3, STM32MP255FAL3, STM32MP257AAI3, STM32MP257AAK3, STM32MP257AAL3, STM32MP257CAI3, STM32MP257CAK3, STM32MP257CAL3, STM32MP257DAI3, STM32MP257DAK3, STM32MP257DAL3, STM32MP257F-DK, STM32MP257F-EV1, STM32MP257FAI3, STM32MP257FAK3, STM32MP257FAL3, STM32N645A0H3Q, STM32N645B0H3Q, STM32N645I0H3Q, STM32N645L0H3Q, STM32N645X0H3Q, STM32N645Z0H3Q, STM32N647A0H3Q, STM32N647B0H3Q, STM32N647I0H3Q, STM32N647L0H3Q, STM32N647X0H3Q, STM32N647Z0H3Q, STM32N655A0H3Q, STM32N655B0H3Q, STM32N655I0H3Q, STM32N655L0H3Q, STM32N655X0H3Q, STM32N655Z0H3Q, STM32N6570-DK, STM32N657A0H3Q, STM32N657B0H3Q, STM32N657I0H3Q, STM32N657L0H3Q, STM32N657X0H3Q, STM32N657Z0H3Q, STM32U031C6T6, STM32U031C6U6, STM32U031C8T6, STM32U031C8U6, STM32U031F4P6, STM32U031F6P6, STM32U031F8P6, STM32U031G6Y6TR, STM32U031G8Y6TR, STM32U031K4U6, STM32U031K6U6, STM32U031K8U6, STM32U031R6I6, STM32U031R6T6, STM32U031R8I6, STM32U031R8T6, STM32U073C8T6, STM32U073C8U6, STM32U073CBT6, STM32U073CBU6, STM32U073CCT6, STM32U073CCU6, STM32U073H8Y6TR, STM32U073HBY6TR, STM32U073HCY6TR, STM32U073K8U6, STM32U073KBU6, STM32U073KCU6, STM32U073M8I6, STM32U073M8T6, STM32U073MBI6, STM32U073MBT6, STM32U073MCI6, STM32U073MCT6, STM32U073R8I6, STM32U073R8T6, STM32U073RBI6, STM32U073RBT6, STM32U073RCI6, STM32U073RCT6, STM32U083C-DK, STM32U083CCT6, STM32U083CCU6, STM32U083HCY6TR, STM32U083KCU6, STM32U083MCI6, STM32U083MCT6, STM32U083RCI6, STM32U083RCT6, STM32U375CET6, STM32U375CET6Q, STM32U375CEU6, STM32U375CEU6Q, STM32U375CEY6QTR, STM32U375CGT6, STM32U375CGT6Q, STM32U375CGU6, STM32U375CGU6Q, STM32U375CGY6QTR, STM32U375KEU6, STM32U375KGU6, STM32U375REI6, STM32U375REI6Q, STM32U375RET6, STM32U375RET6Q, STM32U375REY6GTR, STM32U375REY6QTR, STM32U375RGI6, STM32U375RGI6Q, STM32U375RGT6, STM32U375RGT6Q, STM32U375RGY6GTR, STM32U375RGY6QTR, STM32U375VEI6, STM32U375VEI6Q, STM32U375VET6, STM32U375VET6Q, STM32U375VGI6, STM32U375VGI6Q, STM32U375VGT6, STM32U375VGT6Q, STM32U385CGT6, STM32U385CGT6Q, STM32U385CGU6, STM32U385CGU6Q, STM32U385CGY6QTR, STM32U385KGU6, STM32U385RGI6, STM32U385RGI6Q, STM32U385RGT6, STM32U385RGT6Q, STM32U385RGY6GTR, STM32U385RGY6QTR, STM32U385VGI6, STM32U385VGI6Q, STM32U385VGT6, STM32U385VGT6Q, STM32U535CBT6, STM32U535CBT6Q, STM32U535CBU6, STM32U535CBU6Q, STM32U535CCT6, STM32U535CCT6Q, STM32U535CCU6, STM32U535CCU6Q, STM32U535CET6, STM32U535CET6Q, STM32U535CEU6, STM32U535CEU6Q, STM32U535JEY6QTR, STM32U535NCY6QTR, STM32U535NEY6QTR, STM32U535RBI6, STM32U535RBI6Q, STM32U535RBT6, STM32U535RBT6Q, STM32U535RCI6, STM32U535RCI6Q, STM32U535RCT6, STM32U535RCT6Q, STM32U535REI6, STM32U535REI6Q, STM32U535RET6, STM32U535RET6Q, STM32U535VCI6, STM32U535VCI6Q, STM32U535VCT6, STM32U535VCT6Q, STM32U535VEI6, STM32U535VEI6Q, STM32U535VET6, STM32U535VET6Q, STM32U545CET6, STM32U545CET6Q, STM32U545CEU6, STM32U545CEU6Q, STM32U545JEY6QTR, STM32U545NEY6QTR, STM32U545REI6, STM32U545REI6Q, STM32U545RET6, STM32U545RET6Q, STM32U545VEI6, STM32U545VEI6Q, STM32U545VET6, STM32U545VET6Q, STM32U595AIH6, STM32U595AIH6Q, STM32U595AJH6, STM32U595AJH6Q, STM32U595QII6, STM32U595QII6Q, STM32U595QJI6, STM32U595QJI6Q, STM32U595RIT6, STM32U595RIT6Q, STM32U595RJT6, STM32U595RJT6Q, STM32U595VIT6, STM32U595VIT6Q, STM32U595VJT6, STM32U595VJT6Q, STM32U595ZIT6, STM32U595ZIT6Q, STM32U595ZIY6QTR, STM32U595ZJT6, STM32U595ZJT6Q, STM32U595ZJY6QTR, STM32U599BJY6QTR, STM32U599NIH6Q, STM32U599NJH6Q, STM32U599VIT6Q, STM32U599VJT6, STM32U599VJT6Q, STM32U599ZIT6Q, STM32U599ZIY6QTR, STM32U599ZJT6Q, STM32U599ZJY6QTR, STM32U5A5AJH6, STM32U5A5AJH6Q, STM32U5A5QII3Q , STM32U5A5QJI6, STM32U5A5QJI6Q, STM32U5A5RJT6, STM32U5A5RJT6Q, STM32U5A5VJT6, STM32U5A5VJT6Q, STM32U5A5ZJT6, STM32U5A5ZJT6Q, STM32U5A5ZJY6QTR, STM32U5A9BJY6QTR, STM32U5A9J-DK, STM32U5A9NJH6Q, STM32U5A9VJT6Q, STM32U5A9ZJT6Q, STM32U5A9ZJY6QTR, STM32U5F7VIT6, STM32U5F7VIT6Q, STM32U5F7VJT6, STM32U5F7VJT6Q, STM32U5F9BJY6QTR, STM32U5F9NJH6Q, STM32U5F9VIT6Q, STM32U5F9VJT6Q, STM32U5F9ZIJ6QTR, STM32U5F9ZIT6Q, STM32U5F9ZJJ6QTR, STM32U5F9ZJT6Q, STM32U5G7VJT6, STM32U5G7VJT6Q, STM32U5G9BJY6QTR, STM32U5G9J-DK1, STM32U5G9J-DK2, STM32U5G9NJH6Q, STM32U5G9VJT6Q, STM32U5G9ZJJ6QTR, STM32U5G9ZJT6Q, STM32WB05KZV6TR, STM32WB05KZV7TR, STM32WB05TZF6TR, STM32WB05TZF7TR, STM32WB06CCF6TR, STM32WB06CCF7TR, STM32WB06CCV6TR, STM32WB06CCV7TR, STM32WB06KCV6TR, STM32WB06KCV7TR, STM32WB07CCF6TR, STM32WB07CCF7TR, STM32WB07CCV6TR, STM32WB07CCV7TR, STM32WB07KCV6TR, STM32WB07KCV7TR, STM32WB09KEV6TR, STM32WB09KEV7TR, STM32WB09TEF6TR, STM32WB09TEF7TR, STM32WB1MMCH6, STM32WBA50KGU6, STM32WBA50KGU6TR, STM32WBA52CEU6, STM32WBA52CEU6TR, STM32WBA52CEU7, STM32WBA52CEU7TR, STM32WBA52CGU6, STM32WBA52CGU6TR, STM32WBA52CGU6U, STM32WBA52CGU7, STM32WBA52CGU7TR, STM32WBA52KEU6, STM32WBA52KEU6TR, STM32WBA52KGU6, STM32WBA52KGU6TR, STM32WBA54CEU6, STM32WBA54CEU6TR, STM32WBA54CEU7, STM32WBA54CEU7TR, STM32WBA54CGU6, STM32WBA54CGU6TR, STM32WBA54CGU7, STM32WBA54CGU7TR, STM32WBA54KEU6, STM32WBA54KEU6TR, STM32WBA54KEU7, STM32WBA54KEU7TR, STM32WBA54KGU6, STM32WBA54KGU6TR, STM32WBA54KGU7, STM32WBA54KGU7TR, STM32WBA55CEU6, STM32WBA55CEU6TR, STM32WBA55CEU7, STM32WBA55CEU7TR, STM32WBA55CGU6, STM32WBA55CGU6TR, STM32WBA55CGU6U, STM32WBA55CGU7, STM32WBA55CGU7TR, STM32WBA55G-DK1, STM32WBA55HEF6, STM32WBA55HEF7, STM32WBA55HGF6, STM32WBA55HGF7, STM32WBA55UEI6, STM32WBA55UEI6TR, STM32WBA55UEI7, STM32WBA55UEI7TR, STM32WBA55UGI6, STM32WBA55UGI6TR, STM32WBA55UGI7, STM32WBA55UGI7TR, STM32WBA5MMGH6TR, STM32WBA62MGF6, STM32WBA62MIF6, STM32WBA65MGF7, STM32WBA65MIF6, STM32WBA65MIF7, STM32WL30K8V6, STM32WL30KBV6, STM32WL31C8V6, STM32WL31CBV6, STM32WL31K8V6, STM32WL31KBV6, STM32WL33C8V6, STM32WL33C8V6X, STM32WL33CBV6, STM32WL33CBV6X, STM32WL33CCV6, STM32WL33CCV6A, STM32WL33CCV6X, STM32WL33K8V7, STM32WL33K8V7X, STM32WL33KBV7 , STM32WL33KBV7X, STM32WL33KCV7, STM32WL33KCV7X, STM32WL5MOCH6, STM32WL5MOCH6TR]
2026-02-07 21:57:10,756 [INFO] ApiDb:668 - CubeFinder database Data Model version=2.1
2026-02-07 21:57:10,757 [INFO] ApiDb:669 - CubeFinder database Configuration version=3.0.39
2026-02-07 21:57:10,757 [INFO] ApiDb:670 - CubeFinder database generation date=2025-12-22 (1766407740)
2026-02-07 21:57:10,757 [INFO] ApiDb:671 - CubeFinder database FW Pack versions=[FP-ATR-ASTRA1_V2.0.0, FP-SNS-FLIGHT1_V5.1.0, FP-SNS-MOTENV1_V5.1.0, FP-SNS-MOTENVWB1_V1.4.0, FP-SNS-SMARTAG2_V1.2.0, FP-SNS-STBOX1_V2.1.0, STM32Cube_FW_C0_V1.4.0, STM32Cube_FW_F4_V1.28.3, STM32Cube_FW_F7_V1.17.4, STM32Cube_FW_G0_V1.6.2, STM32Cube_FW_G4_V1.6.1, STM32Cube_FW_H5_V1.5.1, STM32Cube_FW_H7RS_V1.3.0, STM32Cube_FW_H7_V1.12.1, STM32Cube_FW_L0_V1.12.2, STM32Cube_FW_L4_V1.18.1, STM32Cube_FW_L5_V1.6.0, STM32Cube_FW_N6_V1.3.0, STM32Cube_FW_U0_V1.3.0, STM32Cube_FW_U3_V1.2.1, STM32Cube_FW_U5_V1.8.0, STM32Cube_FW_WB0_V1.4.0, STM32Cube_FW_WBA_V1.8.0, STM32Cube_FW_WB_V1.24.0, STM32Cube_FW_WL3_V1.3.0, STM32Cube_FW_WL_V1.4.0, X-CUBE-ALGOBUILD_V1.4.0, X-CUBE-ALS_V1.0.2, X-CUBE-AZRTOS-F4_V1.1.0, X-CUBE-AZRTOS-F7_V1.1.0, X-CUBE-AZRTOS-G0_V1.1.0, X-CUBE-AZRTOS-G4_V2.0.0, X-CUBE-AZRTOS-H7RS_V1.1.0, X-CUBE-AZRTOS-H7_V3.4.0, X-CUBE-AZRTOS-L4_V2.0.0, X-CUBE-AZRTOS-L5_V2.0.0, X-CUBE-AZRTOS-WB_V2.0.0, X-CUBE-AZRTOS-WL_V2.0.0, X-CUBE-BLE1_V7.1.0, X-CUBE-BLE2_V3.3.0, X-CUBE-BLEMGR_V4.1.0, X-CUBE-EEPRMA1_V5.2.0, X-CUBE-FREERTOS_V1.3.1, X-CUBE-GNSS1_V6.0.0, X-CUBE-MEMS1_V12.0.0, X-CUBE-NFC4_V3.0.0, X-CUBE-NFC7_V2.0.0, X-CUBE-SFXS2LP1_V4.0.0, X-CUBE-ST67W61_V1.1.0, X-CUBE-SUBG2_V5.0.0, X-CUBE-TOF1_V3.4.3]
2026-02-07 21:57:12,792 [INFO] ApiDb:240 - Found 880 in-development CPN: [B-G473E-ZEST1S, B-WB1M-WPAN1, B-WBA5M-WPAN, B-WL5M-SUBG1, NUCLEO-C031C6, NUCLEO-C051C8, NUCLEO-C071RB, NUCLEO-C092RC, NUCLEO-H503RB, NUCLEO-H533RE, NUCLEO-H563ZI, NUCLEO-H7S3L8, NUCLEO-N657X0-Q, NUCLEO-U031R8, NUCLEO-U083RC, NUCLEO-U385RG-Q, NUCLEO-U545RE-Q, NUCLEO-U5A5ZJ-Q, NUCLEO-WB05KZ, NUCLEO-WB07CC, NUCLEO-WB09KE, NUCLEO-WBA52CG, NUCLEO-WBA55CG, NUCLEO-WL33CC1, NUCLEO-WL33CC2, STEVAL-PROTEUS1, STEVAL-SMARTAG2, STEVAL-STWINBX1, STM320518-EVAL, STM32C0116-DK, STM32C011D6Y3TR, STM32C011D6Y6TR, STM32C011F4P3, STM32C011F4P6, STM32C011F4U3, STM32C011F4U6TR, STM32C011F6P3, STM32C011F6P6, STM32C011F6U3, STM32C011F6U6TR, STM32C011J4M3, STM32C011J4M6, STM32C011J6M3, STM32C011J6M6, STM32C0316-DK, STM32C031C4T3, STM32C031C4T6, STM32C031C4U3, STM32C031C4U6, STM32C031C6T3, STM32C031C6T6, STM32C031C6U3, STM32C031C6U6, STM32C031F4P3, STM32C031F4P6, STM32C031F6P3, STM32C031F6P6, STM32C031G4U3, STM32C031G4U6, STM32C031G6U3, STM32C031G6U6, STM32C031K4T3, STM32C031K4T6, STM32C031K4U3, STM32C031K4U6, STM32C031K6T3, STM32C031K6T6, STM32C031K6U3, STM32C031K6U6, STM32C051C6T6, STM32C051C6U6, STM32C051C8T6, STM32C051C8U6, STM32C051D8Y6TR, STM32C051F6P6, STM32C051F8P6, STM32C051G6U6, STM32C051G8U6, STM32C051K6T6, STM32C051K6U6, STM32C051K8T6, STM32C071C8T6, STM32C071C8T6N, STM32C071C8U6, STM32C071C8U6N, STM32C071CBT6, STM32C071CBT6N, STM32C071CBU6, STM32C071CBU6N, STM32C071F8P6, STM32C071F8P6N, STM32C071FBP6, STM32C071FBP6N, STM32C071FBY6TR, STM32C071G8U6, STM32C071G8U6N, STM32C071GBU6, STM32C071GBU6N, STM32C071K8T6, STM32C071K8T6N, STM32C071K8U6, STM32C071K8U6N, STM32C071KBT6, STM32C071KBT6N, STM32C071KBU6, STM32C071KBU6N, STM32C071R8T6, STM32C071R8T6N, STM32C071RBI6N, STM32C071RBT6, STM32C071RBT6N, STM32C091CBT6, STM32C091CBU6, STM32C091CCT6, STM32C091CCU6, STM32C091ECY6TR, STM32C091FBP6, STM32C091FCP6, STM32C091GBU6, STM32C091GCU6, STM32C091KBT6, STM32C091KBU6, STM32C091KCT6, STM32C091KCU6, STM32C091RBT6, STM32C091RCI6, STM32C091RCT6, STM32C092CBT6, STM32C092CBU6, STM32C092CCT6, STM32C092CCU6, STM32C092ECY6TR, STM32C092FBP6, STM32C092FCP6, STM32C092GBU6, STM32C092GCU6, STM32C092KBT6, STM32C092KBU6, STM32C092KCT6, STM32C092KCU6, STM32C092RBT6, STM32C092RCI6, STM32C092RCT6, STM32G071K8TXN, STM32G071K8UXN, STM32G081GBU6N, STM32G081KBT6N, STM32G081KBUXN, STM32G0B1CCT6N, STM32G0B1KCT6, STM32G0B1NEY6TR, STM32G0B1RCT6N, STM32G0C1CCT6, STM32G0C1CCT6N, STM32G0C1CCU6N, STM32G0C1CET6N, STM32G0C1CEU6N, STM32G0C1KCT6, STM32G0C1NEY6TR, STM32G0C1RCI6N, STM32G0C1RCT6N, STM32G0C1REI6N, STM32G0C1RET6N, STM32G0C1VCI6, STM32G0C1VEI6, STM32G411C6T3, STM32G411C6T6, STM32G411C6U3, STM32G411C6U6, STM32G411C8T3, STM32G411C8T6, STM32G411C8U3, STM32G411C8U6, STM32G411CBT3, STM32G411CBT6, STM32G411CBU3, STM32G411CBU6, STM32G411K6T3, STM32G411K6T6, STM32G411K6U3, STM32G411K6U6, STM32G411K8T3, STM32G411K8T6, STM32G411K8U3, STM32G411K8U6, STM32G411KBT3, STM32G411KBT6, STM32G411KBU3, STM32G411KBU6, STM32G411M6T3, STM32G411M6T6, STM32G411M8T3, STM32G411M8T6, STM32G411MBT3, STM32G411MBT6, STM32G411R6T3, STM32G411R6T6, STM32G411R8T3, STM32G411R8T6, STM32G411RBT3, STM32G411RBT6, STM32G414CBT3, STM32G414CBT6, STM32G414CBU3, STM32G414CBU6, STM32G414CCT3, STM32G414CCT6, STM32G414CCU3, STM32G414CCU6, STM32G414MBT3, STM32G414MBT6, STM32G414MCT3, STM32G414MCT6, STM32G414RBT3, STM32G414RBT6, STM32G414RCT3, STM32G414RCT6, STM32G414VBT3, STM32G414VBT6, STM32G414VCT3, STM32G414VCT6, STM32G431CBT3Z, STM32G431RBT3Z, STM32G471CCT6, STM32G471CCU6, STM32G471CET3, STM32G471CET6, STM32G471CEU3, STM32G471CEU6, STM32G471MCT6, STM32G471MET3, STM32G471MET6, STM32G471MEY6TR, STM32G471QCT6, STM32G471QET3, STM32G471RCT6, STM32G471RET3, STM32G471RET6, STM32G471VCH6, STM32G471VCI6, STM32G471VCT6, STM32G471VEH3, STM32G471VEH6, STM32G471VEI3, STM32G471VEI6, STM32G471VET3, STM32G471VET6, STM32G473QET3Z, STM32G473RET3Z, STM32G474CCT6, STM32G491RET3Z, STM32H503CBT6, STM32H503CBU6, STM32H503EBY6TR, STM32H503KBU6, STM32H503RBT6, STM32H523CCT6, STM32H523CCU6, STM32H523CET6, STM32H523CEU6, STM32H523HEY6TR, STM32H523RCT6, STM32H523RET6, STM32H523VCI6, STM32H523VCT6, STM32H523VEI6, STM32H523VET6, STM32H523ZCJ6, STM32H523ZCT6, STM32H523ZEJ6, STM32H523ZET6, STM32H533CET6, STM32H533CEU6, STM32H533HEY6TR, STM32H533RET6, STM32H533VEI6, STM32H533VET6, STM32H533ZEJ6, STM32H533ZET6, STM32H562AGI6, STM32H562AII6, STM32H562IGK6, STM32H562IGT6, STM32H562IIK6, STM32H562IIT6, STM32H562RGT6, STM32H562RGV6, STM32H562RIT6, STM32H562RIV6, STM32H562VGT6, STM32H562VIT6, STM32H562ZGT6, STM32H562ZIT6, STM32H563AGI6, STM32H563AII3Q, STM32H563AII6, STM32H563IGK6, STM32H563IGT6, STM32H563IIK3Q, STM32H563IIK6, STM32H563IIT3Q, STM32H563IIT6, STM32H563MIY3QTR, STM32H563RGT6, STM32H563RGV6, STM32H563RIT6, STM32H563RIV6, STM32H563VGT6, STM32H563VIT3Q, STM32H563VIT6, STM32H563ZGT6, STM32H563ZIT3Q, STM32H563ZIT6, STM32H573AII3Q, STM32H573AII6, STM32H573I-DK, STM32H573IIK3Q, STM32H573IIK6, STM32H573IIT3Q, STM32H573IIT6, STM32H573MIY3QTR, STM32H573RIT6, STM32H573RIV6, STM32H573VIT3Q, STM32H573VIT6, STM32H573ZIT3Q, STM32H573ZIT6, STM32H7R3A8I6, STM32H7R3I8K6, STM32H7R3I8T6, STM32H7R3L8H6, STM32H7R3L8H6H, STM32H7R3R8V6, STM32H7R3V8H6, STM32H7R3V8T6, STM32H7R3V8Y6TR, STM32H7R3Z8J6, STM32H7R3Z8T6, STM32H7R7A8I6, STM32H7R7I8K6, STM32H7R7I8T6, STM32H7R7L8H6, STM32H7R7L8H6H, STM32H7R7Z8J6, STM32H7S3A8I6, STM32H7S3I8K6, STM32H7S3I8T6, STM32H7S3L8H6, STM32H7S3L8H6H, STM32H7S3R8V6, STM32H7S3V8H6, STM32H7S3V8T6, STM32H7S3V8Y6TR, STM32H7S3Z8J6, STM32H7S3Z8T6, STM32H7S78-DK, STM32H7S7A8I6, STM32H7S7I8K6, STM32H7S7I8T6, STM32H7S7L8H6, STM32H7S7L8H6H, STM32H7S7Z8J6, STM32L4R5QGI6STR, STM32MP131AAE3, STM32MP131AAF3, STM32MP131AAG3, STM32MP131CAE3, STM32MP131CAF3, STM32MP131CAG3, STM32MP131DAE7, STM32MP131DAF7, STM32MP131DAG7, STM32MP131FAE7, STM32MP131FAF7, STM32MP131FAG7, STM32MP133AAE3, STM32MP133AAF3, STM32MP133AAG3, STM32MP133CAE3, STM32MP133CAF3, STM32MP133CAG3, STM32MP133DAE7, STM32MP133DAF7, STM32MP133DAG7, STM32MP133FAE7, STM32MP133FAF7, STM32MP133FAG7, STM32MP135AAE3, STM32MP135AAF3, STM32MP135AAG3, STM32MP135CAE3, STM32MP135CAF3, STM32MP135CAG3, STM32MP135DAE7, STM32MP135DAF7, STM32MP135DAG7, STM32MP135F-DK, STM32MP135FAE7, STM32MP135FAF7, STM32MP135FAF7T, STM32MP135FAF7U, STM32MP135FAG7, STM32MP211AAL3, STM32MP211AAM3, STM32MP211AAN3, STM32MP211AAO3, STM32MP211CAL3, STM32MP211CAM3, STM32MP211CAN3, STM32MP211CAO3, STM32MP211DAL3, STM32MP211DAM3, STM32MP211DAN3, STM32MP211DAO3, STM32MP211FAL3, STM32MP211FAM3, STM32MP211FAN3, STM32MP211FAO3, STM32MP213AAL3, STM32MP213AAM3, STM32MP213AAN3, STM32MP213AAO3, STM32MP213CAL3, STM32MP213CAM3, STM32MP213CAN3, STM32MP213CAO3, STM32MP213DAL3, STM32MP213DAM3, STM32MP213DAN3, STM32MP213DAO3, STM32MP213FAL3, STM32MP213FAM3, STM32MP213FAN3, STM32MP213FAO3, STM32MP215AAL3, STM32MP215AAM3, STM32MP215AAN3, STM32MP215AAO3, STM32MP215CAL3, STM32MP215CAM3, STM32MP215CAN3, STM32MP215CAO3, STM32MP215DAL3, STM32MP215DAM3, STM32MP215DAN3, STM32MP215DAO3, STM32MP215F-DK, STM32MP215FAL3, STM32MP215FAM3, STM32MP215FAN3, STM32MP215FAO3, STM32MP231AAJ3, STM32MP231AAK3, STM32MP231AAL3, STM32MP231CAJ3, STM32MP231CAK3, STM32MP231CAL3, STM32MP231DAJ3, STM32MP231DAK3, STM32MP231DAL3, STM32MP231FAJ3, STM32MP231FAK3, STM32MP231FAL3, STM32MP233AAJ3, STM32MP233AAK3, STM32MP233AAL3, STM32MP233CAJ3, STM32MP233CAK3, STM32MP233CAL3, STM32MP233DAJ3, STM32MP233DAK3, STM32MP233DAL3, STM32MP233FAJ3, STM32MP233FAK3, STM32MP233FAL3, STM32MP235AAJ3, STM32MP235AAK3, STM32MP235AAL3, STM32MP235CAJ3, STM32MP235CAK3, STM32MP235CAL3, STM32MP235DAJ3, STM32MP235DAK3, STM32MP235DAL3, STM32MP235FAJ3, STM32MP235FAK3, STM32MP235FAL3, STM32MP251AAI3, STM32MP251AAK3, STM32MP251AAL3, STM32MP251CAI3, STM32MP251CAK3, STM32MP251CAL3, STM32MP251DAI3, STM32MP251DAK3, STM32MP251DAL3, STM32MP251FAI3, STM32MP251FAK3, STM32MP251FAL3, STM32MP253AAI3, STM32MP253AAK3, STM32MP253AAL3, STM32MP253CAI3, STM32MP253CAK3, STM32MP253CAL3, STM32MP253DAI3, STM32MP253DAK3, STM32MP253DAL3, STM32MP253FAI3, STM32MP253FAK3, STM32MP253FAL3, STM32MP255AAI3, STM32MP255AAK3, STM32MP255AAL3, STM32MP255CAI3, STM32MP255CAK3, STM32MP255CAL3, STM32MP255DAI3, STM32MP255DAK3, STM32MP255DAL3, STM32MP255FAI3, STM32MP255FAK3, STM32MP255FAL3, STM32MP257AAI3, STM32MP257AAK3, STM32MP257AAL3, STM32MP257CAI3, STM32MP257CAK3, STM32MP257CAL3, STM32MP257DAI3, STM32MP257DAK3, STM32MP257DAL3, STM32MP257F-DK, STM32MP257F-EV1, STM32MP257FAI3, STM32MP257FAK3, STM32MP257FAL3, STM32N645A0H3Q, STM32N645B0H3Q, STM32N645I0H3Q, STM32N645L0H3Q, STM32N645X0H3Q, STM32N645Z0H3Q, STM32N647A0H3Q, STM32N647B0H3Q, STM32N647I0H3Q, STM32N647L0H3Q, STM32N647X0H3Q, STM32N647Z0H3Q, STM32N655A0H3Q, STM32N655B0H3Q, STM32N655I0H3Q, STM32N655L0H3Q, STM32N655X0H3Q, STM32N655Z0H3Q, STM32N6570-DK, STM32N657A0H3Q, STM32N657B0H3Q, STM32N657I0H3Q, STM32N657L0H3Q, STM32N657X0H3Q, STM32N657Z0H3Q, STM32U031C6T6, STM32U031C6U6, STM32U031C8T6, STM32U031C8U6, STM32U031F4P6, STM32U031F6P6, STM32U031F8P6, STM32U031G6Y6TR, STM32U031G8Y6TR, STM32U031K4U6, STM32U031K6U6, STM32U031K8U6, STM32U031R6I6, STM32U031R6T6, STM32U031R8I6, STM32U031R8T6, STM32U073C8T6, STM32U073C8U6, STM32U073CBT6, STM32U073CBU6, STM32U073CCT6, STM32U073CCU6, STM32U073H8Y6TR, STM32U073HBY6TR, STM32U073HCY6TR, STM32U073K8U6, STM32U073KBU6, STM32U073KCU6, STM32U073M8I6, STM32U073M8T6, STM32U073MBI6, STM32U073MBT6, STM32U073MCI6, STM32U073MCT6, STM32U073R8I6, STM32U073R8T6, STM32U073RBI6, STM32U073RBT6, STM32U073RCI6, STM32U073RCT6, STM32U083C-DK, STM32U083CCT6, STM32U083CCU6, STM32U083HCY6TR, STM32U083KCU6, STM32U083MCI6, STM32U083MCT6, STM32U083RCI6, STM32U083RCT6, STM32U375CET6, STM32U375CET6Q, STM32U375CEU6, STM32U375CEU6Q, STM32U375CEY6QTR, STM32U375CGT6, STM32U375CGT6Q, STM32U375CGU6, STM32U375CGU6Q, STM32U375CGY6QTR, STM32U375KEU6, STM32U375KGU6, STM32U375REI6, STM32U375REI6Q, STM32U375RET6, STM32U375RET6Q, STM32U375REY6GTR, STM32U375REY6QTR, STM32U375RGI6, STM32U375RGI6Q, STM32U375RGT6, STM32U375RGT6Q, STM32U375RGY6GTR, STM32U375RGY6QTR, STM32U375VEI6, STM32U375VEI6Q, STM32U375VET6, STM32U375VET6Q, STM32U375VGI6, STM32U375VGI6Q, STM32U375VGT6, STM32U375VGT6Q, STM32U385CGT6, STM32U385CGT6Q, STM32U385CGU6, STM32U385CGU6Q, STM32U385CGY6QTR, STM32U385KGU6, STM32U385RGI6, STM32U385RGI6Q, STM32U385RGT6, STM32U385RGT6Q, STM32U385RGY6GTR, STM32U385RGY6QTR, STM32U385VGI6, STM32U385VGI6Q, STM32U385VGT6, STM32U385VGT6Q, STM32U535CBT6, STM32U535CBT6Q, STM32U535CBU6, STM32U535CBU6Q, STM32U535CCT6, STM32U535CCT6Q, STM32U535CCU6, STM32U535CCU6Q, STM32U535CET6, STM32U535CET6Q, STM32U535CEU6, STM32U535CEU6Q, STM32U535JEY6QTR, STM32U535NCY6QTR, STM32U535NEY6QTR, STM32U535RBI6, STM32U535RBI6Q, STM32U535RBT6, STM32U535RBT6Q, STM32U535RCI6, STM32U535RCI6Q, STM32U535RCT6, STM32U535RCT6Q, STM32U535REI6, STM32U535REI6Q, STM32U535RET6, STM32U535RET6Q, STM32U535VCI6, STM32U535VCI6Q, STM32U535VCT6, STM32U535VCT6Q, STM32U535VEI6, STM32U535VEI6Q, STM32U535VET6, STM32U535VET6Q, STM32U545CET6, STM32U545CET6Q, STM32U545CEU6, STM32U545CEU6Q, STM32U545JEY6QTR, STM32U545NEY6QTR, STM32U545REI6, STM32U545REI6Q, STM32U545RET6, STM32U545RET6Q, STM32U545VEI6, STM32U545VEI6Q, STM32U545VET6, STM32U545VET6Q, STM32U595AIH6, STM32U595AIH6Q, STM32U595AJH6, STM32U595AJH6Q, STM32U595QII6, STM32U595QII6Q, STM32U595QJI6, STM32U595QJI6Q, STM32U595RIT6, STM32U595RIT6Q, STM32U595RJT6, STM32U595RJT6Q, STM32U595VIT6, STM32U595VIT6Q, STM32U595VJT6, STM32U595VJT6Q, STM32U595ZIT6, STM32U595ZIT6Q, STM32U595ZIY6QTR, STM32U595ZJT6, STM32U595ZJT6Q, STM32U595ZJY6QTR, STM32U599BJY6QTR, STM32U599NIH6Q, STM32U599NJH6Q, STM32U599VIT6Q, STM32U599VJT6, STM32U599VJT6Q, STM32U599ZIT6Q, STM32U599ZIY6QTR, STM32U599ZJT6Q, STM32U599ZJY6QTR, STM32U5A5AJH6, STM32U5A5AJH6Q, STM32U5A5QII3Q , STM32U5A5QJI6, STM32U5A5QJI6Q, STM32U5A5RJT6, STM32U5A5RJT6Q, STM32U5A5VJT6, STM32U5A5VJT6Q, STM32U5A5ZJT6, STM32U5A5ZJT6Q, STM32U5A5ZJY6QTR, STM32U5A9BJY6QTR, STM32U5A9J-DK, STM32U5A9NJH6Q, STM32U5A9VJT6Q, STM32U5A9ZJT6Q, STM32U5A9ZJY6QTR, STM32U5F7VIT6, STM32U5F7VIT6Q, STM32U5F7VJT6, STM32U5F7VJT6Q, STM32U5F9BJY6QTR, STM32U5F9NJH6Q, STM32U5F9VIT6Q, STM32U5F9VJT6Q, STM32U5F9ZIJ6QTR, STM32U5F9ZIT6Q, STM32U5F9ZJJ6QTR, STM32U5F9ZJT6Q, STM32U5G7VJT6, STM32U5G7VJT6Q, STM32U5G9BJY6QTR, STM32U5G9J-DK1, STM32U5G9J-DK2, STM32U5G9NJH6Q, STM32U5G9VJT6Q, STM32U5G9ZJJ6QTR, STM32U5G9ZJT6Q, STM32WB05KZV6TR, STM32WB05KZV7TR, STM32WB05TZF6TR, STM32WB05TZF7TR, STM32WB06CCF6TR, STM32WB06CCF7TR, STM32WB06CCV6TR, STM32WB06CCV7TR, STM32WB06KCV6TR, STM32WB06KCV7TR, STM32WB07CCF6TR, STM32WB07CCF7TR, STM32WB07CCV6TR, STM32WB07CCV7TR, STM32WB07KCV6TR, STM32WB07KCV7TR, STM32WB09KEV6TR, STM32WB09KEV7TR, STM32WB09TEF6TR, STM32WB09TEF7TR, STM32WB1MMCH6, STM32WBA50KGU6, STM32WBA50KGU6TR, STM32WBA52CEU6, STM32WBA52CEU6TR, STM32WBA52CEU7, STM32WBA52CEU7TR, STM32WBA52CGU6, STM32WBA52CGU6TR, STM32WBA52CGU6U, STM32WBA52CGU7, STM32WBA52CGU7TR, STM32WBA52KEU6, STM32WBA52KEU6TR, STM32WBA52KGU6, STM32WBA52KGU6TR, STM32WBA54CEU6, STM32WBA54CEU6TR, STM32WBA54CEU7, STM32WBA54CEU7TR, STM32WBA54CGU6, STM32WBA54CGU6TR, STM32WBA54CGU7, STM32WBA54CGU7TR, STM32WBA54KEU6, STM32WBA54KEU6TR, STM32WBA54KEU7, STM32WBA54KEU7TR, STM32WBA54KGU6, STM32WBA54KGU6TR, STM32WBA54KGU7, STM32WBA54KGU7TR, STM32WBA55CEU6, STM32WBA55CEU6TR, STM32WBA55CEU7, STM32WBA55CEU7TR, STM32WBA55CGU6, STM32WBA55CGU6TR, STM32WBA55CGU6U, STM32WBA55CGU7, STM32WBA55CGU7TR, STM32WBA55G-DK1, STM32WBA55HEF6, STM32WBA55HEF7, STM32WBA55HGF6, STM32WBA55HGF7, STM32WBA55UEI6, STM32WBA55UEI6TR, STM32WBA55UEI7, STM32WBA55UEI7TR, STM32WBA55UGI6, STM32WBA55UGI6TR, STM32WBA55UGI7, STM32WBA55UGI7TR, STM32WBA5MMGH6TR, STM32WBA62MGF6, STM32WBA62MIF6, STM32WBA65MGF7, STM32WBA65MIF6, STM32WBA65MIF7, STM32WL30K8V6, STM32WL30KBV6, STM32WL31C8V6, STM32WL31CBV6, STM32WL31K8V6, STM32WL31KBV6, STM32WL33C8V6, STM32WL33C8V6X, STM32WL33CBV6, STM32WL33CBV6X, STM32WL33CCV6, STM32WL33CCV6A, STM32WL33CCV6X, STM32WL33K8V7, STM32WL33K8V7X, STM32WL33KBV7 , STM32WL33KBV7X, STM32WL33KCV7, STM32WL33KCV7X, STM32WL5MOCH6, STM32WL5MOCH6TR]
2026-02-07 21:57:12,797 [INFO] DbMcus:218 - Found 4876 MCUs, 4876 are supported
2026-02-07 21:57:12,797 [INFO] ApiDb:423 - Load user favorites file /home/mahdlinux/.stm32cubeide/favorites.mcus.txt: 0 item(s)
2026-02-07 21:57:12,797 [INFO] ApiDb:427 - User favorites MCUs=[]
2026-02-07 21:57:12,797 [INFO] DbMcus:224 - Set 0 / 0 favorites MCUs
2026-02-07 21:57:13,331 [INFO] BoardInfo:889 - No configuration file found for board P-NUCLEO-WB55
2026-02-07 21:57:13,331 [INFO] DbBoards:161 - Kit is not supported: P-NUCLEO-WB55
2026-02-07 21:57:13,334 [INFO] BoardInfo:889 - No configuration file found for board STEVAL-BFA001V1B
2026-02-07 21:57:13,334 [INFO] DbBoards:161 - Kit is not supported: STEVAL-BFA001V1B
2026-02-07 21:57:13,335 [INFO] BoardInfo:889 - No configuration file found for board STEVAL-BFA001V2B
2026-02-07 21:57:13,335 [INFO] DbBoards:161 - Kit is not supported: STEVAL-BFA001V2B
2026-02-07 21:57:13,410 [INFO] DbBoards:168 - Found 212 boards, 209 are supported
2026-02-07 21:57:13,410 [INFO] DbBoards:169 - Found 212 boards, 43 of them is supported for  Bsp
2026-02-07 21:57:13,413 [INFO] ApiDb:423 - Load user favorites file /home/mahdlinux/.stm32cubeide/favorites.boards.txt: 0 item(s)
2026-02-07 21:57:13,413 [INFO] ApiDb:427 - User favorites Boards=[]
2026-02-07 21:57:13,413 [INFO] DbBoards:198 - Set 0 / 0 favorites Boards
2026-02-07 21:57:13,461 [INFO] UtilMem:75 - End LoadConfig() Used Memory: 786271864 Bytes (1073741824)
2026-02-07 21:57:13,616 [WARN] ThirdParty:833 - waiting for thirdparty lock release [change project]
2026-02-07 21:57:13,616 [INFO] ThirdParty:835 - entering critical section [change project]
2026-02-07 21:57:13,616 [INFO] ThirdParty:1030 - CMSIS Pack Vendor :STMicroelectronics X-CUBE-PM33A1 1.0.0
2026-02-07 21:57:13,617 [INFO] ThirdParty:1030 - CMSIS Pack Vendor :STMicroelectronics USBPD 4.1
2026-02-07 21:57:13,617 [INFO] ThirdParty:1030 - CMSIS Pack Vendor :STMicroelectronics X-CUBE-NFC9 1.0.0
2026-02-07 21:57:13,617 [INFO] ThirdParty:1030 - CMSIS Pack Vendor :STMicroelectronics USB_HOST 2.0.0
2026-02-07 21:57:13,617 [INFO] ThirdParty:1030 - CMSIS Pack Vendor :STMicroelectronics FP-SNS-MOTENVWB1 1.4.0
2026-02-07 21:57:13,617 [INFO] ThirdParty:1030 - CMSIS Pack Vendor :STMicroelectronics X-CUBE-AZRTOS-F4 1.1.0
2026-02-07 21:57:13,617 [INFO] ThirdParty:1030 - CMSIS Pack Vendor :STMicroelectronics LIBJPEG 8.0.0
2026-02-07 21:57:13,617 [INFO] ThirdParty:1030 - CMSIS Pack Vendor :STMicroelectronics FP-ATR-ASTRA1 2.0.2
2026-02-07 21:57:13,617 [INFO] ThirdParty:1030 - CMSIS Pack Vendor :wolfSSL I-CUBE-wolfSSL 5.8.2
2026-02-07 21:57:13,617 [INFO] ThirdParty:1030 - CMSIS Pack Vendor :STMicroelectronics X-CUBE-BLE1 7.1.0
2026-02-07 21:57:13,617 [INFO] ThirdParty:1030 - CMSIS Pack Vendor :STMicroelectronics X-CUBE-SMBUS 2.1.0
2026-02-07 21:57:13,617 [INFO] ThirdParty:1030 - CMSIS Pack Vendor :wolfSSL I-CUBE-wolfMQTT 1.19.2
2026-02-07 21:57:13,617 [INFO] ThirdParty:1030 - CMSIS Pack Vendor :STMicroelectronics USB_DEVICE 3.0.0
2026-02-07 21:57:13,617 [INFO] ThirdParty:1030 - CMSIS Pack Vendor :STMicroelectronics X-CUBE-ISPU 2.1.0
2026-02-07 21:57:13,617 [INFO] ThirdParty:1030 - CMSIS Pack Vendor :STMicroelectronics X-CUBE-FREERTOS 1.4.0
2026-02-07 21:57:13,617 [INFO] ThirdParty:1030 - CMSIS Pack Vendor :STMicroelectronics X-CUBE-EEPRMA1 5.2.0
2026-02-07 21:57:13,617 [INFO] ThirdParty:1030 - CMSIS Pack Vendor :STMicroelectronics X-CUBE-IPS 3.2.0
2026-02-07 21:57:13,618 [INFO] ThirdParty:1030 - CMSIS Pack Vendor :STMicroelectronics X-CUBE-BLEMGR 4.1.0
2026-02-07 21:57:13,618 [INFO] ThirdParty:1030 - CMSIS Pack Vendor :STMicroelectronics X-CUBE-AZRTOS-WB 2.0.0
2026-02-07 21:57:13,618 [INFO] ThirdParty:1030 - CMSIS Pack Vendor :STMicroelectronics X-CUBE-GNSS1 7.0.1
2026-02-07 21:57:13,618 [INFO] ThirdParty:1030 - CMSIS Pack Vendor :STMicroelectronics X-CUBE-NFC12 1.0.0
2026-02-07 21:57:13,618 [INFO] ThirdParty:1030 - CMSIS Pack Vendor :STMicroelectronics X-CUBE-AZRTOS-F7 1.1.0
2026-02-07 21:57:13,618 [INFO] ThirdParty:1030 - CMSIS Pack Vendor :STMicroelectronics X-CUBE-AZRTOS-L5 2.0.0
2026-02-07 21:57:13,618 [INFO] ThirdParty:1030 - CMSIS Pack Vendor :STMicroelectronics USB_DEVICE 2.0.0
2026-02-07 21:57:13,618 [INFO] ThirdParty:1030 - CMSIS Pack Vendor :STMicroelectronics X-CUBE-NFC6 3.1.0
2026-02-07 21:57:13,618 [INFO] ThirdParty:1030 - CMSIS Pack Vendor :STMicroelectronics X-CUBE-ST67W61 1.1.0
2026-02-07 21:57:13,618 [INFO] ThirdParty:1030 - CMSIS Pack Vendor :Cesanta I-CUBE-Mongoose 7.19.0
2026-02-07 21:57:13,618 [INFO] ThirdParty:1030 - CMSIS Pack Vendor :quantropi X-CUBE-qispace-sdk-base 2.1.0
2026-02-07 21:57:13,618 [INFO] ThirdParty:1030 - CMSIS Pack Vendor :STMicroelectronics X-CUBE-MEMS1 12.0.0
2026-02-07 21:57:13,618 [INFO] ThirdParty:1030 - CMSIS Pack Vendor :STMicroelectronics X-CUBE-STSE01 2.0.0
2026-02-07 21:57:13,618 [INFO] ThirdParty:1030 - CMSIS Pack Vendor :STMicroelectronics FP-SNS-MOTENV1 5.1.0
2026-02-07 21:57:13,619 [INFO] ThirdParty:1030 - CMSIS Pack Vendor :STMicroelectronics FreeRTOS 0.0.1
2026-02-07 21:57:13,619 [INFO] ThirdParty:1030 - CMSIS Pack Vendor :STMicroelectronics X-CUBE-AZRTOS-G0 1.1.0
2026-02-07 21:57:13,619 [INFO] ThirdParty:1030 - CMSIS Pack Vendor :STMicroelectronics X-CUBE-SAFEA1 1.2.2
2026-02-07 21:57:13,619 [INFO] ThirdParty:1030 - CMSIS Pack Vendor :STMicroelectronics X-CUBE-NFC4 3.0.0
2026-02-07 21:57:13,619 [INFO] ThirdParty:1030 - CMSIS Pack Vendor :STMicroelectronics X-CUBE-SUBG2 5.0.0
2026-02-07 21:57:13,619 [INFO] ThirdParty:1030 - CMSIS Pack Vendor :STMicroelectronics X-CUBE-AZRTOS-H7RS 1.1.0
2026-02-07 21:57:13,619 [INFO] ThirdParty:1030 - CMSIS Pack Vendor :STMicroelectronics STM32_WPAN 1.0.0
2026-02-07 21:57:13,619 [INFO] ThirdParty:1030 - CMSIS Pack Vendor :EmbeddedOffice I-CUBE-FS-RTOS 1.0.1
2026-02-07 21:57:13,619 [INFO] ThirdParty:1030 - CMSIS Pack Vendor :STMicroelectronics lwIP 2.0.3
2026-02-07 21:57:13,619 [INFO] ThirdParty:1030 - CMSIS Pack Vendor :WES I-CUBE-Cesium 1.4.0
2026-02-07 21:57:13,619 [INFO] ThirdParty:1030 - CMSIS Pack Vendor :STMicroelectronics USB_HOST 1.0.0
2026-02-07 21:57:13,619 [INFO] ThirdParty:1030 - CMSIS Pack Vendor :Infineon AIROC-Wi-Fi-Bluetooth-STM32 1.7.1
2026-02-07 21:57:13,619 [INFO] ThirdParty:1030 - CMSIS Pack Vendor :STMicroelectronics X-CUBE-AZRTOS-G4 2.0.0
2026-02-07 21:57:13,619 [INFO] ThirdParty:1030 - CMSIS Pack Vendor :STMicroelectronics X-CUBE-WB05N 2.0.0
2026-02-07 21:57:13,619 [INFO] ThirdParty:1030 - CMSIS Pack Vendor :STMicroelectronics PDM2PCM 3.1.0
2026-02-07 21:57:13,619 [INFO] ThirdParty:1030 - CMSIS Pack Vendor :STMicroelectronics PDM2PCM 3.3.0
2026-02-07 21:57:13,619 [INFO] ThirdParty:1030 - CMSIS Pack Vendor :wolfSSL I-CUBE-wolfTPM 3.8.0
2026-02-07 21:57:13,619 [INFO] ThirdParty:1030 - CMSIS Pack Vendor :STMicroelectronics X-CUBE-AZRTOS-H7 3.4.0
2026-02-07 21:57:13,619 [INFO] ThirdParty:1030 - CMSIS Pack Vendor :STMicroelectronics X-CUBE-DISPLAY 3.0.0
2026-02-07 21:57:13,620 [INFO] ThirdParty:1030 - CMSIS Pack Vendor :wolfSSL I-CUBE-wolfSSH 1.4.20
2026-02-07 21:57:13,620 [INFO] ThirdParty:1030 - CMSIS Pack Vendor :STMicroelectronics X-CUBE-NFC7 2.0.0
2026-02-07 21:57:13,620 [INFO] ThirdParty:1030 - CMSIS Pack Vendor :STMicroelectronics X-CUBE-TCPP 4.2.0
2026-02-07 21:57:13,620 [INFO] ThirdParty:1030 - CMSIS Pack Vendor :RealThread X-CUBE-RT-Thread_Nano 4.1.1
2026-02-07 21:57:13,620 [INFO] ThirdParty:1030 - CMSIS Pack Vendor :STMicroelectronics FP-ATR-SIGFOX1 3.2.0
2026-02-07 21:57:13,620 [INFO] ThirdParty:1030 - CMSIS Pack Vendor :STMicroelectronics X-CUBE-NFC10 1.0.0
2026-02-07 21:57:13,620 [INFO] ThirdParty:1030 - CMSIS Pack Vendor :STMicroelectronics X-CUBE-FREERTOS 1.3.1
2026-02-07 21:57:13,620 [INFO] ThirdParty:1030 - CMSIS Pack Vendor :STMicroelectronics HAL Drivers 0.0.0
2026-02-07 21:57:13,620 [INFO] ThirdParty:1030 - CMSIS Pack Vendor :STMicroelectronics MBEDTLS 2.16.2
2026-02-07 21:57:13,620 [INFO] ThirdParty:1030 - CMSIS Pack Vendor :STMicroelectronics X-CUBE-ST60 1.1.0
2026-02-07 21:57:13,620 [INFO] ThirdParty:1030 - CMSIS Pack Vendor :STMicroelectronics X-CUBE-ALS 1.0.2
2026-02-07 21:57:13,620 [INFO] ThirdParty:1030 - CMSIS Pack Vendor :emotas I-CUBE-CANOPEN 1.3.0
2026-02-07 21:57:13,620 [INFO] ThirdParty:1030 - CMSIS Pack Vendor :STMicroelectronics MBEDTLS 2.14.1
2026-02-07 21:57:13,620 [INFO] ThirdParty:1030 - CMSIS Pack Vendor :STMicroelectronics X-CUBE-GNSS1 7.1.0
2026-02-07 21:57:13,620 [INFO] ThirdParty:1030 - CMSIS Pack Vendor :ITTIA_DB I-CUBE-ITTIADB 8.9.0
2026-02-07 21:57:13,620 [INFO] ThirdParty:1030 - CMSIS Pack Vendor :STMicroelectronics X-CUBE-TOUCHGFX 4.26.0
2026-02-07 21:57:13,620 [INFO] ThirdParty:1030 - CMSIS Pack Vendor :STMicroelectronics X-CUBE-STSE01 1.0.0
2026-02-07 21:57:13,620 [INFO] ThirdParty:1030 - CMSIS Pack Vendor :STMicroelectronics X-CUBE-NFC6 3.2.0
2026-02-07 21:57:13,620 [INFO] ThirdParty:1030 - CMSIS Pack Vendor :STMicroelectronics FP-SNS-STBOX1 2.1.0
2026-02-07 21:57:13,620 [INFO] ThirdParty:1030 - CMSIS Pack Vendor :STMicroelectronics X-CUBE-AI 10.2.0
2026-02-07 21:57:13,620 [INFO] ThirdParty:1030 - CMSIS Pack Vendor :STMicroelectronics FP-SNS-STAIOTCFT 1.0.0
2026-02-07 21:57:13,620 [INFO] ThirdParty:1030 - CMSIS Pack Vendor :STMicroelectronics ThreadX 1.0.0
2026-02-07 21:57:13,620 [INFO] ThirdParty:1030 - CMSIS Pack Vendor :STMicroelectronics FP-SNS-SMARTAG2 1.2.0
2026-02-07 21:57:13,620 [INFO] ThirdParty:1030 - CMSIS Pack Vendor :STMicroelectronics FP-SNS-FLIGHT1 5.1.0
2026-02-07 21:57:13,620 [INFO] ThirdParty:1030 - CMSIS Pack Vendor :STMicroelectronics X-CUBE-AZRTOS-WL 2.0.0
2026-02-07 21:57:13,621 [INFO] ThirdParty:1030 - CMSIS Pack Vendor :SEGGER I-CUBE-embOS 1.3.1
2026-02-07 21:57:13,621 [INFO] ThirdParty:1030 - CMSIS Pack Vendor :STMicroelectronics X-CUBE-ALGOBUILD 1.4.0
2026-02-07 21:57:13,621 [INFO] ThirdParty:1030 - CMSIS Pack Vendor :STMicroelectronics X-CUBE-DPower 1.3.0
2026-02-07 21:57:13,621 [INFO] ThirdParty:1030 - CMSIS Pack Vendor :STMicroelectronics X-CUBE-MEMS1 11.3.0
2026-02-07 21:57:13,621 [INFO] ThirdParty:1030 - CMSIS Pack Vendor :STMicroelectronics FP-SNS-MOTENV1 5.0.0
2026-02-07 21:57:13,621 [INFO] ThirdParty:1030 - CMSIS Pack Vendor :STMicroelectronics USB_DEVICE 1.0.0
2026-02-07 21:57:13,621 [INFO] ThirdParty:1030 - CMSIS Pack Vendor :STMicroelectronics X-CUBE-AZRTOS-H7RS 1.2.0
2026-02-07 21:57:13,621 [INFO] ThirdParty:1030 - CMSIS Pack Vendor :STMicroelectronics X-CUBE-AZRTOS-L4 2.0.0
2026-02-07 21:57:13,621 [INFO] ThirdParty:1030 - CMSIS Pack Vendor :STMicroelectronics ThreadX 0.0.2
2026-02-07 21:57:13,621 [INFO] ThirdParty:1030 - CMSIS Pack Vendor :STMicroelectronics lwIP 2.1.2
2026-02-07 21:57:13,621 [INFO] ThirdParty:1030 - CMSIS Pack Vendor :STMicroelectronics X-CUBE-SFXS2LP1 4.0.0
2026-02-07 21:57:13,621 [INFO] ThirdParty:1030 - CMSIS Pack Vendor :STMicroelectronics X-CUBE-BLE2 3.3.0
2026-02-07 21:57:13,621 [INFO] ThirdParty:1030 - CMSIS Pack Vendor :Avnet-IOTCONNECT X-CUBE-iotc-st67-sdk 1.0.0
2026-02-07 21:57:13,621 [INFO] ThirdParty:1030 - CMSIS Pack Vendor :STMicroelectronics X-CUBE-TOF1 3.4.3
2026-02-07 21:57:13,621 [INFO] ThirdParty:1030 - CMSIS Pack Vendor :STMicroelectronics PDM2PCM 3.2.0
2026-02-07 21:57:13,621 [INFO] ThirdParty:1030 - CMSIS Pack Vendor :STMicroelectronics X-CUBE-ST67W61 1.2.0
2026-02-07 21:57:13,622 [INFO] ThirdParty:841 - exiting critical section [change project]
2026-02-07 21:57:14,089 [INFO] PinOutPanel:1589 - setPackage(No Configuration,No Configuration)
2026-02-07 21:57:14,090 [INFO] PinOutPanel:1589 - setPackage(STM32F446RETx,LQFP64)
2026-02-07 21:57:14,613 [INFO] UtilMem:75 - Before build in PCC Used Memory: 707249680 Bytes (1073741824)
2026-02-07 21:57:15,216 [INFO] UtilMem:75 - After build in PCC Used Memory: 806111288 Bytes (1073741824)
2026-02-07 21:57:15,274 [INFO] ApiDbMcu:532 - Load IP Config File for FREERTOS
2026-02-07 21:57:15,307 [INFO] IPUIPlugin:80 - create IPUIPlugin
2026-02-07 21:57:15,308 [INFO] IPUIPlugin:80 - create IPUIPlugin
2026-02-07 21:57:15,308 [INFO] IPUIPlugin:80 - create IPUIPlugin
2026-02-07 21:57:15,308 [INFO] IPUIPlugin:80 - create IPUIPlugin
2026-02-07 21:57:15,308 [INFO] IPUIPlugin:80 - create IPUIPlugin
2026-02-07 21:57:15,308 [INFO] IPUIPlugin:80 - create IPUIPlugin
2026-02-07 21:57:15,308 [INFO] IPUIPlugin:80 - create IPUIPlugin
2026-02-07 21:57:15,309 [INFO] IPUIPlugin:80 - create IPUIPlugin
2026-02-07 21:57:15,309 [INFO] IPUIPlugin:80 - create IPUIPlugin
2026-02-07 21:57:15,309 [INFO] IPUIPlugin:80 - create IPUIPlugin
2026-02-07 21:57:15,309 [INFO] IPUIPlugin:80 - create IPUIPlugin
2026-02-07 21:57:15,309 [INFO] IPUIPlugin:80 - create IPUIPlugin
2026-02-07 21:57:15,309 [INFO] IPUIPlugin:80 - create IPUIPlugin
2026-02-07 21:57:15,310 [INFO] IPUIPlugin:80 - create IPUIPlugin
2026-02-07 21:57:15,310 [INFO] IPUIPlugin:80 - create IPUIPlugin
2026-02-07 21:57:15,310 [INFO] IPUIPlugin:80 - create IPUIPlugin
2026-02-07 21:57:15,310 [INFO] IPUIPlugin:80 - create IPUIPlugin
2026-02-07 21:57:15,310 [INFO] IPUIPlugin:80 - create IPUIPlugin
2026-02-07 21:57:15,310 [INFO] IPUIPlugin:80 - create IPUIPlugin
2026-02-07 21:57:15,311 [INFO] IPUIPlugin:80 - create IPUIPlugin
2026-02-07 21:57:15,311 [INFO] IPUIPlugin:80 - create IPUIPlugin
2026-02-07 21:57:15,311 [INFO] IPUIPlugin:80 - create IPUIPlugin
2026-02-07 21:57:15,311 [INFO] IPUIPlugin:80 - create IPUIPlugin
2026-02-07 21:57:15,311 [INFO] IPUIPlugin:80 - create IPUIPlugin
2026-02-07 21:57:15,312 [INFO] IPUIPlugin:80 - create IPUIPlugin
2026-02-07 21:57:15,312 [INFO] IPUIPlugin:80 - create IPUIPlugin
2026-02-07 21:57:15,312 [INFO] IPUIPlugin:80 - create IPUIPlugin
2026-02-07 21:57:15,312 [INFO] IPUIPlugin:80 - create IPUIPlugin
2026-02-07 21:57:15,312 [INFO] IPUIPlugin:80 - create IPUIPlugin
2026-02-07 21:57:15,313 [INFO] IPUIPlugin:80 - create IPUIPlugin
2026-02-07 21:57:15,313 [INFO] IPUIPlugin:80 - create IPUIPlugin
2026-02-07 21:57:15,313 [INFO] IPUIPlugin:80 - create IPUIPlugin
2026-02-07 21:57:15,313 [INFO] IPUIPlugin:80 - create IPUIPlugin
2026-02-07 21:57:15,313 [INFO] IPUIPlugin:80 - create IPUIPlugin
2026-02-07 21:57:15,314 [INFO] IPUIPlugin:80 - create IPUIPlugin
2026-02-07 21:57:15,314 [INFO] IPUIPlugin:80 - create IPUIPlugin
2026-02-07 21:57:15,314 [INFO] IPUIPlugin:80 - create IPUIPlugin
2026-02-07 21:57:15,314 [INFO] IPUIPlugin:80 - create IPUIPlugin
2026-02-07 21:57:15,314 [INFO] IPUIPlugin:80 - create IPUIPlugin
2026-02-07 21:57:15,315 [INFO] IPUIPlugin:80 - create IPUIPlugin
2026-02-07 21:57:15,315 [INFO] IPUIPlugin:80 - create IPUIPlugin
2026-02-07 21:57:15,315 [INFO] IPUIPlugin:80 - create IPUIPlugin
2026-02-07 21:57:15,315 [INFO] IPUIPlugin:80 - create IPUIPlugin
2026-02-07 21:57:15,315 [INFO] IPUIPlugin:80 - create IPUIPlugin
2026-02-07 21:57:15,315 [INFO] IPUIPlugin:80 - create IPUIPlugin
2026-02-07 21:57:15,316 [INFO] IPUIPlugin:80 - create IPUIPlugin
2026-02-07 21:57:15,316 [INFO] IPUIPlugin:80 - create IPUIPlugin
2026-02-07 21:57:15,316 [INFO] IPUIPlugin:80 - create IPUIPlugin
2026-02-07 21:57:15,316 [INFO] IPUIPlugin:80 - create IPUIPlugin
2026-02-07 21:57:15,316 [INFO] IPUIPlugin:80 - create IPUIPlugin
2026-02-07 21:57:15,316 [INFO] IPUIPlugin:80 - create IPUIPlugin
2026-02-07 21:57:15,316 [INFO] IPUIPlugin:80 - create IPUIPlugin
2026-02-07 21:57:15,317 [INFO] IPUIPlugin:80 - create IPUIPlugin
2026-02-07 21:57:15,317 [INFO] IPUIPlugin:80 - create IPUIPlugin
2026-02-07 21:57:15,317 [INFO] IPUIPlugin:80 - create IPUIPlugin
2026-02-07 21:57:15,317 [INFO] IPUIPlugin:80 - create IPUIPlugin
2026-02-07 21:57:15,317 [INFO] IPUIPlugin:80 - create IPUIPlugin
2026-02-07 21:57:15,318 [INFO] IPUIPlugin:80 - create IPUIPlugin
2026-02-07 21:57:15,318 [INFO] IPUIPlugin:80 - create IPUIPlugin
2026-02-07 21:57:15,318 [INFO] IPUIPlugin:80 - create IPUIPlugin
2026-02-07 21:57:15,326 [INFO] ApiDbMcu:532 - Load IP Config File for PDM2PCM
2026-02-07 21:57:15,334 [INFO] Can:71 - Can Add PropertyChangeListener com.st.microxplorer.plugins.ip.can.Can@8035383
2026-02-07 21:57:15,356 [WARN] FreeRTOS:1023 - Null or empty value: should not occur! (nothing added to the table)
2026-02-07 21:57:15,520 [INFO] CADModel:165 - CPN selected for project levelSTM32F446RET6
2026-02-07 21:57:15,520 [INFO] CADModel:114 - Register for checkConnection events
2026-02-07 21:57:15,524 [INFO] RtosManager:728 - Active RTOS found at IOC load: FREERTOS [Cortex-M4NS]
2026-02-07 21:57:15,567 [INFO] OpenFileManager:386 - Restore cursor
2026-02-07 21:57:20,539 [ERROR] RtosPanel:558 - Can not restore the selected Tab for FREERTOS(A reason can be that the tab is no more available.)
2026-02-07 21:57:23,051 [INFO] TasksAndQueuesTab:757 - Dynamic
2026-02-07 21:57:23,052 [WARN] TasksAndQueuesTab:763 - 128 128
2026-02-07 21:57:23,052 [WARN] TasksAndQueuesTab:775 - max value is: 3840.0
2026-02-07 21:57:23,052 [INFO] TasksAndQueuesTab:757 - Dynamic
2026-02-07 21:57:23,053 [WARN] TasksAndQueuesTab:763 - 128 128
2026-02-07 21:57:23,053 [WARN] TasksAndQueuesTab:775 - max value is: 3840.0
2026-02-07 21:57:23,053 [INFO] TasksAndQueuesTab:757 - Dynamic
2026-02-07 21:57:23,053 [WARN] TasksAndQueuesTab:763 - 128 128
2026-02-07 21:57:23,053 [WARN] TasksAndQueuesTab:775 - max value is: 3840.0
2026-02-07 21:57:24,264 [ERROR] LogOutputStream:75 - [STDERR_REDIRECT] Feb 07, 2026 9:57:24 PM java.util.prefs.FileSystemPreferences checkLockFile0ErrorCode
2026-02-07 21:57:24,265 [ERROR] LogOutputStream:75 - [STDERR_REDIRECT] WARNING: Could not lock System prefs. Unix error code 2.
2026-02-07 21:57:24,265 [ERROR] LogOutputStream:75 - [STDERR_REDIRECT] 
2026-02-07 21:57:24,266 [ERROR] LogOutputStream:75 - [STDERR_REDIRECT] Feb 07, 2026 9:57:24 PM java.util.prefs.FileSystemPreferences syncWorld
2026-02-07 21:57:24,266 [ERROR] LogOutputStream:75 - [STDERR_REDIRECT] WARNING: Couldn't flush system prefs: java.util.prefs.BackingStoreException: Couldn't get file lock.
2026-02-07 21:57:24,266 [ERROR] LogOutputStream:75 - [STDERR_REDIRECT] 
2026-02-07 21:57:54,258 [ERROR] LogOutputStream:75 - [STDERR_REDIRECT] Feb 07, 2026 9:57:54 PM java.util.prefs.FileSystemPreferences checkLockFile0ErrorCode
2026-02-07 21:57:54,258 [ERROR] LogOutputStream:75 - [STDERR_REDIRECT] WARNING: Could not lock System prefs. Unix error code 2.
2026-02-07 21:57:54,259 [ERROR] LogOutputStream:75 - [STDERR_REDIRECT] 
2026-02-07 21:57:54,259 [ERROR] LogOutputStream:75 - [STDERR_REDIRECT] Feb 07, 2026 9:57:54 PM java.util.prefs.FileSystemPreferences syncWorld
2026-02-07 21:57:54,259 [ERROR] LogOutputStream:75 - [STDERR_REDIRECT] WARNING: Couldn't flush system prefs: java.util.prefs.BackingStoreException: Couldn't get file lock.
2026-02-07 21:57:54,259 [ERROR] LogOutputStream:75 - [STDERR_REDIRECT] 
2026-02-07 21:57:55,355 [INFO] EditThreadDialog:704 - RAM SIZE (in KB): 128
2026-02-07 21:57:55,355 [INFO] EditThreadDialog:706 - RAM SIZE (in words): 32768
2026-02-07 21:57:59,430 [INFO] EditThreadDialog:704 - RAM SIZE (in KB): 128
2026-02-07 21:57:59,430 [INFO] EditThreadDialog:706 - RAM SIZE (in words): 32768
2026-02-07 21:58:02,670 [INFO] EditThreadDialog:704 - RAM SIZE (in KB): 128
2026-02-07 21:58:02,671 [INFO] EditThreadDialog:706 - RAM SIZE (in words): 32768
2026-02-07 21:58:08,258 [INFO] EditThreadDialog:704 - RAM SIZE (in KB): 128
2026-02-07 21:58:08,258 [INFO] EditThreadDialog:706 - RAM SIZE (in words): 32768
2026-02-07 21:58:24,259 [ERROR] LogOutputStream:75 - [STDERR_REDIRECT] Feb 07, 2026 9:58:24 PM java.util.prefs.FileSystemPreferences checkLockFile0ErrorCode
2026-02-07 21:58:24,260 [ERROR] LogOutputStream:75 - [STDERR_REDIRECT] WARNING: Could not lock System prefs. Unix error code 2.
2026-02-07 21:58:24,260 [ERROR] LogOutputStream:75 - [STDERR_REDIRECT] 
2026-02-07 21:58:24,261 [ERROR] LogOutputStream:75 - [STDERR_REDIRECT] Feb 07, 2026 9:58:24 PM java.util.prefs.FileSystemPreferences syncWorld
2026-02-07 21:58:24,261 [ERROR] LogOutputStream:75 - [STDERR_REDIRECT] WARNING: Couldn't flush system prefs: java.util.prefs.BackingStoreException: Couldn't get file lock.
2026-02-07 21:58:24,261 [ERROR] LogOutputStream:75 - [STDERR_REDIRECT] 
2026-02-07 21:58:54,258 [ERROR] LogOutputStream:75 - [STDERR_REDIRECT] Feb 07, 2026 9:58:54 PM java.util.prefs.FileSystemPreferences checkLockFile0ErrorCode
2026-02-07 21:58:54,259 [ERROR] LogOutputStream:75 - [STDERR_REDIRECT] WARNING: Could not lock System prefs. Unix error code 2.
2026-02-07 21:58:54,259 [ERROR] LogOutputStream:75 - [STDERR_REDIRECT] 
2026-02-07 21:58:54,260 [ERROR] LogOutputStream:75 - [STDERR_REDIRECT] Feb 07, 2026 9:58:54 PM java.util.prefs.FileSystemPreferences syncWorld
2026-02-07 21:58:54,260 [ERROR] LogOutputStream:75 - [STDERR_REDIRECT] WARNING: Couldn't flush system prefs: java.util.prefs.BackingStoreException: Couldn't get file lock.
2026-02-07 21:58:54,260 [ERROR] LogOutputStream:75 - [STDERR_REDIRECT] 
2026-02-07 21:59:24,259 [ERROR] LogOutputStream:75 - [STDERR_REDIRECT] Feb 07, 2026 9:59:24 PM java.util.prefs.FileSystemPreferences checkLockFile0ErrorCode
2026-02-07 21:59:24,259 [ERROR] LogOutputStream:75 - [STDERR_REDIRECT] WARNING: Could not lock System prefs. Unix error code 2.
2026-02-07 21:59:24,260 [ERROR] LogOutputStream:75 - [STDERR_REDIRECT] 
2026-02-07 21:59:24,260 [ERROR] LogOutputStream:75 - [STDERR_REDIRECT] Feb 07, 2026 9:59:24 PM java.util.prefs.FileSystemPreferences syncWorld
2026-02-07 21:59:24,261 [ERROR] LogOutputStream:75 - [STDERR_REDIRECT] WARNING: Couldn't flush system prefs: java.util.prefs.BackingStoreException: Couldn't get file lock.
2026-02-07 21:59:24,261 [ERROR] LogOutputStream:75 - [STDERR_REDIRECT] 
2026-02-07 21:59:54,259 [ERROR] LogOutputStream:75 - [STDERR_REDIRECT] Feb 07, 2026 9:59:54 PM java.util.prefs.FileSystemPreferences checkLockFile0ErrorCode
2026-02-07 21:59:54,259 [ERROR] LogOutputStream:75 - [STDERR_REDIRECT] WARNING: Could not lock System prefs. Unix error code 2.
2026-02-07 21:59:54,259 [ERROR] LogOutputStream:75 - [STDERR_REDIRECT] 
2026-02-07 21:59:54,260 [ERROR] LogOutputStream:75 - [STDERR_REDIRECT] Feb 07, 2026 9:59:54 PM java.util.prefs.FileSystemPreferences syncWorld
2026-02-07 21:59:54,260 [ERROR] LogOutputStream:75 - [STDERR_REDIRECT] WARNING: Couldn't flush system prefs: java.util.prefs.BackingStoreException: Couldn't get file lock.
2026-02-07 21:59:54,260 [ERROR] LogOutputStream:75 - [STDERR_REDIRECT] 
2026-02-07 22:00:05,073 [INFO] WebApp:194 - Connection lost
2026-02-07 22:00:05,575 [INFO] WebApp:191 - Connection restablished
2026-02-07 22:00:24,258 [ERROR] LogOutputStream:75 - [STDERR_REDIRECT] Feb 07, 2026 10:00:24 PM java.util.prefs.FileSystemPreferences checkLockFile0ErrorCode
2026-02-07 22:00:24,258 [ERROR] LogOutputStream:75 - [STDERR_REDIRECT] WARNING: Could not lock System prefs. Unix error code 2.
2026-02-07 22:00:24,258 [ERROR] LogOutputStream:75 - [STDERR_REDIRECT] 
2026-02-07 22:00:24,259 [ERROR] LogOutputStream:75 - [STDERR_REDIRECT] Feb 07, 2026 10:00:24 PM java.util.prefs.FileSystemPreferences syncWorld
2026-02-07 22:00:24,260 [ERROR] LogOutputStream:75 - [STDERR_REDIRECT] WARNING: Couldn't flush system prefs: java.util.prefs.BackingStoreException: Couldn't get file lock.
2026-02-07 22:00:24,260 [ERROR] LogOutputStream:75 - [STDERR_REDIRECT] 
2026-02-07 22:00:54,259 [ERROR] LogOutputStream:75 - [STDERR_REDIRECT] Feb 07, 2026 10:00:54 PM java.util.prefs.FileSystemPreferences checkLockFile0ErrorCode
2026-02-07 22:00:54,260 [ERROR] LogOutputStream:75 - [STDERR_REDIRECT] WARNING: Could not lock System prefs. Unix error code 2.
2026-02-07 22:00:54,260 [ERROR] LogOutputStream:75 - [STDERR_REDIRECT] 
2026-02-07 22:00:54,261 [ERROR] LogOutputStream:75 - [STDERR_REDIRECT] Feb 07, 2026 10:00:54 PM java.util.prefs.FileSystemPreferences syncWorld
2026-02-07 22:00:54,261 [ERROR] LogOutputStream:75 - [STDERR_REDIRECT] WARNING: Couldn't flush system prefs: java.util.prefs.BackingStoreException: Couldn't get file lock.
2026-02-07 22:00:54,261 [ERROR] LogOutputStream:75 - [STDERR_REDIRECT] 
2026-02-07 22:01:24,259 [ERROR] LogOutputStream:75 - [STDERR_REDIRECT] Feb 07, 2026 10:01:24 PM java.util.prefs.FileSystemPreferences checkLockFile0ErrorCode
2026-02-07 22:01:24,259 [ERROR] LogOutputStream:75 - [STDERR_REDIRECT] WARNING: Could not lock System prefs. Unix error code 2.
2026-02-07 22:01:24,259 [ERROR] LogOutputStream:75 - [STDERR_REDIRECT] 
2026-02-07 22:01:24,260 [ERROR] LogOutputStream:75 - [STDERR_REDIRECT] Feb 07, 2026 10:01:24 PM java.util.prefs.FileSystemPreferences syncWorld
2026-02-07 22:01:24,260 [ERROR] LogOutputStream:75 - [STDERR_REDIRECT] WARNING: Couldn't flush system prefs: java.util.prefs.BackingStoreException: Couldn't get file lock.
2026-02-07 22:01:24,261 [ERROR] LogOutputStream:75 - [STDERR_REDIRECT] 
2026-02-07 22:01:54,258 [ERROR] LogOutputStream:75 - [STDERR_REDIRECT] Feb 07, 2026 10:01:54 PM java.util.prefs.FileSystemPreferences checkLockFile0ErrorCode
2026-02-07 22:01:54,258 [ERROR] LogOutputStream:75 - [STDERR_REDIRECT] WARNING: Could not lock System prefs. Unix error code 2.
2026-02-07 22:01:54,258 [ERROR] LogOutputStream:75 - [STDERR_REDIRECT] 
2026-02-07 22:01:54,259 [ERROR] LogOutputStream:75 - [STDERR_REDIRECT] Feb 07, 2026 10:01:54 PM java.util.prefs.FileSystemPreferences syncWorld
2026-02-07 22:01:54,259 [ERROR] LogOutputStream:75 - [STDERR_REDIRECT] WARNING: Couldn't flush system prefs: java.util.prefs.BackingStoreException: Couldn't get file lock.
2026-02-07 22:01:54,259 [ERROR] LogOutputStream:75 - [STDERR_REDIRECT] 
2026-02-07 22:02:24,257 [ERROR] LogOutputStream:75 - [STDERR_REDIRECT] Feb 07, 2026 10:02:24 PM java.util.prefs.FileSystemPreferences checkLockFile0ErrorCode
2026-02-07 22:02:24,258 [ERROR] LogOutputStream:75 - [STDERR_REDIRECT] WARNING: Could not lock System prefs. Unix error code 2.
2026-02-07 22:02:24,258 [ERROR] LogOutputStream:75 - [STDERR_REDIRECT] 
2026-02-07 22:02:24,258 [ERROR] LogOutputStream:75 - [STDERR_REDIRECT] Feb 07, 2026 10:02:24 PM java.util.prefs.FileSystemPreferences syncWorld
2026-02-07 22:02:24,259 [ERROR] LogOutputStream:75 - [STDERR_REDIRECT] WARNING: Couldn't flush system prefs: java.util.prefs.BackingStoreException: Couldn't get file lock.
2026-02-07 22:02:24,259 [ERROR] LogOutputStream:75 - [STDERR_REDIRECT] 
2026-02-07 22:02:54,259 [ERROR] LogOutputStream:75 - [STDERR_REDIRECT] Feb 07, 2026 10:02:54 PM java.util.prefs.FileSystemPreferences checkLockFile0ErrorCode
2026-02-07 22:02:54,259 [ERROR] LogOutputStream:75 - [STDERR_REDIRECT] WARNING: Could not lock System prefs. Unix error code 2.
2026-02-07 22:02:54,259 [ERROR] LogOutputStream:75 - [STDERR_REDIRECT] 
2026-02-07 22:02:54,260 [ERROR] LogOutputStream:75 - [STDERR_REDIRECT] Feb 07, 2026 10:02:54 PM java.util.prefs.FileSystemPreferences syncWorld
2026-02-07 22:02:54,260 [ERROR] LogOutputStream:75 - [STDERR_REDIRECT] WARNING: Couldn't flush system prefs: java.util.prefs.BackingStoreException: Couldn't get file lock.
2026-02-07 22:02:54,261 [ERROR] LogOutputStream:75 - [STDERR_REDIRECT] 
2026-02-07 22:03:24,256 [ERROR] LogOutputStream:75 - [STDERR_REDIRECT] Feb 07, 2026 10:03:24 PM java.util.prefs.FileSystemPreferences checkLockFile0ErrorCode
2026-02-07 22:03:24,257 [ERROR] LogOutputStream:75 - [STDERR_REDIRECT] WARNING: Could not lock System prefs. Unix error code 2.
2026-02-07 22:03:24,257 [ERROR] LogOutputStream:75 - [STDERR_REDIRECT] 
2026-02-07 22:03:24,257 [ERROR] LogOutputStream:75 - [STDERR_REDIRECT] Feb 07, 2026 10:03:24 PM java.util.prefs.FileSystemPreferences syncWorld
2026-02-07 22:03:24,257 [ERROR] LogOutputStream:75 - [STDERR_REDIRECT] WARNING: Couldn't flush system prefs: java.util.prefs.BackingStoreException: Couldn't get file lock.
2026-02-07 22:03:24,257 [ERROR] LogOutputStream:75 - [STDERR_REDIRECT] 
2026-02-07 22:03:54,259 [ERROR] LogOutputStream:75 - [STDERR_REDIRECT] Feb 07, 2026 10:03:54 PM java.util.prefs.FileSystemPreferences checkLockFile0ErrorCode
2026-02-07 22:03:54,259 [ERROR] LogOutputStream:75 - [STDERR_REDIRECT] WARNING: Could not lock System prefs. Unix error code 2.
2026-02-07 22:03:54,259 [ERROR] LogOutputStream:75 - [STDERR_REDIRECT] 
2026-02-07 22:03:54,260 [ERROR] LogOutputStream:75 - [STDERR_REDIRECT] Feb 07, 2026 10:03:54 PM java.util.prefs.FileSystemPreferences syncWorld
2026-02-07 22:03:54,260 [ERROR] LogOutputStream:75 - [STDERR_REDIRECT] WARNING: Couldn't flush system prefs: java.util.prefs.BackingStoreException: Couldn't get file lock.
2026-02-07 22:03:54,260 [ERROR] LogOutputStream:75 - [STDERR_REDIRECT] 
2026-02-07 22:04:24,259 [ERROR] LogOutputStream:75 - [STDERR_REDIRECT] Feb 07, 2026 10:04:24 PM java.util.prefs.FileSystemPreferences checkLockFile0ErrorCode
2026-02-07 22:04:24,259 [ERROR] LogOutputStream:75 - [STDERR_REDIRECT] WARNING: Could not lock System prefs. Unix error code 2.
2026-02-07 22:04:24,260 [ERROR] LogOutputStream:75 - [STDERR_REDIRECT] 
2026-02-07 22:04:24,260 [ERROR] LogOutputStream:75 - [STDERR_REDIRECT] Feb 07, 2026 10:04:24 PM java.util.prefs.FileSystemPreferences syncWorld
2026-02-07 22:04:24,260 [ERROR] LogOutputStream:75 - [STDERR_REDIRECT] WARNING: Couldn't flush system prefs: java.util.prefs.BackingStoreException: Couldn't get file lock.
2026-02-07 22:04:24,261 [ERROR] LogOutputStream:75 - [STDERR_REDIRECT] 
2026-02-07 22:04:54,260 [ERROR] LogOutputStream:75 - [STDERR_REDIRECT] Feb 07, 2026 10:04:54 PM java.util.prefs.FileSystemPreferences checkLockFile0ErrorCode
2026-02-07 22:04:54,260 [ERROR] LogOutputStream:75 - [STDERR_REDIRECT] WARNING: Could not lock System prefs. Unix error code 2.
2026-02-07 22:04:54,284 [ERROR] LogOutputStream:75 - [STDERR_REDIRECT] 
2026-02-07 22:04:54,285 [ERROR] LogOutputStream:75 - [STDERR_REDIRECT] Feb 07, 2026 10:04:54 PM java.util.prefs.FileSystemPreferences syncWorld
2026-02-07 22:04:54,285 [ERROR] LogOutputStream:75 - [STDERR_REDIRECT] WARNING: Couldn't flush system prefs: java.util.prefs.BackingStoreException: Couldn't get file lock.
2026-02-07 22:04:54,285 [ERROR] LogOutputStream:75 - [STDERR_REDIRECT] 
2026-02-07 22:05:24,260 [ERROR] LogOutputStream:75 - [STDERR_REDIRECT] Feb 07, 2026 10:05:24 PM java.util.prefs.FileSystemPreferences checkLockFile0ErrorCode
2026-02-07 22:05:24,260 [ERROR] LogOutputStream:75 - [STDERR_REDIRECT] WARNING: Could not lock System prefs. Unix error code 2.
2026-02-07 22:05:24,261 [ERROR] LogOutputStream:75 - [STDERR_REDIRECT] 
2026-02-07 22:05:24,261 [ERROR] LogOutputStream:75 - [STDERR_REDIRECT] Feb 07, 2026 10:05:24 PM java.util.prefs.FileSystemPreferences syncWorld
2026-02-07 22:05:24,262 [ERROR] LogOutputStream:75 - [STDERR_REDIRECT] WARNING: Couldn't flush system prefs: java.util.prefs.BackingStoreException: Couldn't get file lock.
2026-02-07 22:05:24,262 [ERROR] LogOutputStream:75 - [STDERR_REDIRECT] 
2026-02-07 22:05:54,261 [ERROR] LogOutputStream:75 - [STDERR_REDIRECT] Feb 07, 2026 10:05:54 PM java.util.prefs.FileSystemPreferences checkLockFile0ErrorCode
2026-02-07 22:05:54,261 [ERROR] LogOutputStream:75 - [STDERR_REDIRECT] WARNING: Could not lock System prefs. Unix error code 2.
2026-02-07 22:05:54,262 [ERROR] LogOutputStream:75 - [STDERR_REDIRECT] 
2026-02-07 22:05:54,262 [ERROR] LogOutputStream:75 - [STDERR_REDIRECT] Feb 07, 2026 10:05:54 PM java.util.prefs.FileSystemPreferences syncWorld
2026-02-07 22:05:54,262 [ERROR] LogOutputStream:75 - [STDERR_REDIRECT] WARNING: Couldn't flush system prefs: java.util.prefs.BackingStoreException: Couldn't get file lock.
2026-02-07 22:05:54,262 [ERROR] LogOutputStream:75 - [STDERR_REDIRECT] 
2026-02-07 22:06:24,259 [ERROR] LogOutputStream:75 - [STDERR_REDIRECT] Feb 07, 2026 10:06:24 PM java.util.prefs.FileSystemPreferences checkLockFile0ErrorCode
2026-02-07 22:06:24,260 [ERROR] LogOutputStream:75 - [STDERR_REDIRECT] WARNING: Could not lock System prefs. Unix error code 2.
2026-02-07 22:06:24,260 [ERROR] LogOutputStream:75 - [STDERR_REDIRECT] 
2026-02-07 22:06:24,260 [ERROR] LogOutputStream:75 - [STDERR_REDIRECT] Feb 07, 2026 10:06:24 PM java.util.prefs.FileSystemPreferences syncWorld
2026-02-07 22:06:24,260 [ERROR] LogOutputStream:75 - [STDERR_REDIRECT] WARNING: Couldn't flush system prefs: java.util.prefs.BackingStoreException: Couldn't get file lock.
2026-02-07 22:06:24,261 [ERROR] LogOutputStream:75 - [STDERR_REDIRECT] 
2026-02-07 22:06:54,259 [ERROR] LogOutputStream:75 - [STDERR_REDIRECT] Feb 07, 2026 10:06:54 PM java.util.prefs.FileSystemPreferences checkLockFile0ErrorCode
2026-02-07 22:06:54,260 [ERROR] LogOutputStream:75 - [STDERR_REDIRECT] WARNING: Could not lock System prefs. Unix error code 2.
2026-02-07 22:06:54,260 [ERROR] LogOutputStream:75 - [STDERR_REDIRECT] 
2026-02-07 22:06:54,260 [ERROR] LogOutputStream:75 - [STDERR_REDIRECT] Feb 07, 2026 10:06:54 PM java.util.prefs.FileSystemPreferences syncWorld
2026-02-07 22:06:54,261 [ERROR] LogOutputStream:75 - [STDERR_REDIRECT] WARNING: Couldn't flush system prefs: java.util.prefs.BackingStoreException: Couldn't get file lock.
2026-02-07 22:06:54,261 [ERROR] LogOutputStream:75 - [STDERR_REDIRECT] 
2026-02-07 22:07:24,260 [ERROR] LogOutputStream:75 - [STDERR_REDIRECT] Feb 07, 2026 10:07:24 PM java.util.prefs.FileSystemPreferences checkLockFile0ErrorCode
2026-02-07 22:07:24,260 [ERROR] LogOutputStream:75 - [STDERR_REDIRECT] WARNING: Could not lock System prefs. Unix error code 2.
2026-02-07 22:07:24,261 [ERROR] LogOutputStream:75 - [STDERR_REDIRECT] 
2026-02-07 22:07:24,261 [ERROR] LogOutputStream:75 - [STDERR_REDIRECT] Feb 07, 2026 10:07:24 PM java.util.prefs.FileSystemPreferences syncWorld
2026-02-07 22:07:24,261 [ERROR] LogOutputStream:75 - [STDERR_REDIRECT] WARNING: Couldn't flush system prefs: java.util.prefs.BackingStoreException: Couldn't get file lock.
2026-02-07 22:07:24,262 [ERROR] LogOutputStream:75 - [STDERR_REDIRECT] 
2026-02-07 22:07:54,260 [ERROR] LogOutputStream:75 - [STDERR_REDIRECT] Feb 07, 2026 10:07:54 PM java.util.prefs.FileSystemPreferences checkLockFile0ErrorCode
2026-02-07 22:07:54,261 [ERROR] LogOutputStream:75 - [STDERR_REDIRECT] WARNING: Could not lock System prefs. Unix error code 2.
2026-02-07 22:07:54,261 [ERROR] LogOutputStream:75 - [STDERR_REDIRECT] 
2026-02-07 22:07:54,262 [ERROR] LogOutputStream:75 - [STDERR_REDIRECT] Feb 07, 2026 10:07:54 PM java.util.prefs.FileSystemPreferences syncWorld
2026-02-07 22:07:54,262 [ERROR] LogOutputStream:75 - [STDERR_REDIRECT] WARNING: Couldn't flush system prefs: java.util.prefs.BackingStoreException: Couldn't get file lock.
2026-02-07 22:07:54,262 [ERROR] LogOutputStream:75 - [STDERR_REDIRECT] 
2026-02-07 22:08:24,260 [ERROR] LogOutputStream:75 - [STDERR_REDIRECT] Feb 07, 2026 10:08:24 PM java.util.prefs.FileSystemPreferences checkLockFile0ErrorCode
2026-02-07 22:08:24,261 [ERROR] LogOutputStream:75 - [STDERR_REDIRECT] WARNING: Could not lock System prefs. Unix error code 2.
2026-02-07 22:08:24,262 [ERROR] LogOutputStream:75 - [STDERR_REDIRECT] 
2026-02-07 22:08:24,262 [ERROR] LogOutputStream:75 - [STDERR_REDIRECT] Feb 07, 2026 10:08:24 PM java.util.prefs.FileSystemPreferences syncWorld
2026-02-07 22:08:24,262 [ERROR] LogOutputStream:75 - [STDERR_REDIRECT] WARNING: Couldn't flush system prefs: java.util.prefs.BackingStoreException: Couldn't get file lock.
2026-02-07 22:08:24,263 [ERROR] LogOutputStream:75 - [STDERR_REDIRECT] 
2026-02-07 22:08:54,261 [ERROR] LogOutputStream:75 - [STDERR_REDIRECT] Feb 07, 2026 10:08:54 PM java.util.prefs.FileSystemPreferences checkLockFile0ErrorCode
2026-02-07 22:08:54,262 [ERROR] LogOutputStream:75 - [STDERR_REDIRECT] WARNING: Could not lock System prefs. Unix error code 2.
2026-02-07 22:08:54,262 [ERROR] LogOutputStream:75 - [STDERR_REDIRECT] 
2026-02-07 22:08:54,263 [ERROR] LogOutputStream:75 - [STDERR_REDIRECT] Feb 07, 2026 10:08:54 PM java.util.prefs.FileSystemPreferences syncWorld
2026-02-07 22:08:54,263 [ERROR] LogOutputStream:75 - [STDERR_REDIRECT] WARNING: Couldn't flush system prefs: java.util.prefs.BackingStoreException: Couldn't get file lock.
2026-02-07 22:08:54,263 [ERROR] LogOutputStream:75 - [STDERR_REDIRECT] 
2026-02-07 22:09:24,261 [ERROR] LogOutputStream:75 - [STDERR_REDIRECT] Feb 07, 2026 10:09:24 PM java.util.prefs.FileSystemPreferences checkLockFile0ErrorCode
2026-02-07 22:09:24,261 [ERROR] LogOutputStream:75 - [STDERR_REDIRECT] WARNING: Could not lock System prefs. Unix error code 2.
2026-02-07 22:09:24,261 [ERROR] LogOutputStream:75 - [STDERR_REDIRECT] 
2026-02-07 22:09:24,262 [ERROR] LogOutputStream:75 - [STDERR_REDIRECT] Feb 07, 2026 10:09:24 PM java.util.prefs.FileSystemPreferences syncWorld
2026-02-07 22:09:24,262 [ERROR] LogOutputStream:75 - [STDERR_REDIRECT] WARNING: Couldn't flush system prefs: java.util.prefs.BackingStoreException: Couldn't get file lock.
2026-02-07 22:09:24,262 [ERROR] LogOutputStream:75 - [STDERR_REDIRECT] 
2026-02-07 22:09:54,262 [ERROR] LogOutputStream:75 - [STDERR_REDIRECT] Feb 07, 2026 10:09:54 PM java.util.prefs.FileSystemPreferences checkLockFile0ErrorCode
2026-02-07 22:09:54,263 [ERROR] LogOutputStream:75 - [STDERR_REDIRECT] WARNING: Could not lock System prefs. Unix error code 2.
2026-02-07 22:09:54,263 [ERROR] LogOutputStream:75 - [STDERR_REDIRECT] 
2026-02-07 22:09:54,264 [ERROR] LogOutputStream:75 - [STDERR_REDIRECT] Feb 07, 2026 10:09:54 PM java.util.prefs.FileSystemPreferences syncWorld
2026-02-07 22:09:54,264 [ERROR] LogOutputStream:75 - [STDERR_REDIRECT] WARNING: Couldn't flush system prefs: java.util.prefs.BackingStoreException: Couldn't get file lock.
2026-02-07 22:09:54,264 [ERROR] LogOutputStream:75 - [STDERR_REDIRECT] 
2026-02-07 22:10:13,991 [INFO] WebApp:194 - Connection lost
2026-02-07 22:10:15,874 [INFO] WebApp:191 - Connection restablished
2026-02-07 22:10:24,263 [ERROR] LogOutputStream:75 - [STDERR_REDIRECT] Feb 07, 2026 10:10:24 PM java.util.prefs.FileSystemPreferences checkLockFile0ErrorCode
2026-02-07 22:10:24,263 [ERROR] LogOutputStream:75 - [STDERR_REDIRECT] WARNING: Could not lock System prefs. Unix error code 2.
2026-02-07 22:10:24,263 [ERROR] LogOutputStream:75 - [STDERR_REDIRECT] 
2026-02-07 22:10:24,264 [ERROR] LogOutputStream:75 - [STDERR_REDIRECT] Feb 07, 2026 10:10:24 PM java.util.prefs.FileSystemPreferences syncWorld
2026-02-07 22:10:24,264 [ERROR] LogOutputStream:75 - [STDERR_REDIRECT] WARNING: Couldn't flush system prefs: java.util.prefs.BackingStoreException: Couldn't get file lock.
2026-02-07 22:10:24,264 [ERROR] LogOutputStream:75 - [STDERR_REDIRECT] 
2026-02-07 22:10:54,264 [ERROR] LogOutputStream:75 - [STDERR_REDIRECT] Feb 07, 2026 10:10:54 PM java.util.prefs.FileSystemPreferences checkLockFile0ErrorCode
2026-02-07 22:10:54,264 [ERROR] LogOutputStream:75 - [STDERR_REDIRECT] WARNING: Could not lock System prefs. Unix error code 2.
2026-02-07 22:10:54,265 [ERROR] LogOutputStream:75 - [STDERR_REDIRECT] 
2026-02-07 22:10:54,265 [ERROR] LogOutputStream:75 - [STDERR_REDIRECT] Feb 07, 2026 10:10:54 PM java.util.prefs.FileSystemPreferences syncWorld
2026-02-07 22:10:54,266 [ERROR] LogOutputStream:75 - [STDERR_REDIRECT] WARNING: Couldn't flush system prefs: java.util.prefs.BackingStoreException: Couldn't get file lock.
2026-02-07 22:10:54,266 [ERROR] LogOutputStream:75 - [STDERR_REDIRECT] 
2026-02-07 22:11:24,265 [ERROR] LogOutputStream:75 - [STDERR_REDIRECT] Feb 07, 2026 10:11:24 PM java.util.prefs.FileSystemPreferences checkLockFile0ErrorCode
2026-02-07 22:11:24,265 [ERROR] LogOutputStream:75 - [STDERR_REDIRECT] WARNING: Could not lock System prefs. Unix error code 2.
2026-02-07 22:11:24,266 [ERROR] LogOutputStream:75 - [STDERR_REDIRECT] 
2026-02-07 22:11:24,266 [ERROR] LogOutputStream:75 - [STDERR_REDIRECT] Feb 07, 2026 10:11:24 PM java.util.prefs.FileSystemPreferences syncWorld
2026-02-07 22:11:24,266 [ERROR] LogOutputStream:75 - [STDERR_REDIRECT] WARNING: Couldn't flush system prefs: java.util.prefs.BackingStoreException: Couldn't get file lock.
2026-02-07 22:11:24,266 [ERROR] LogOutputStream:75 - [STDERR_REDIRECT] 
2026-02-07 22:11:54,265 [ERROR] LogOutputStream:75 - [STDERR_REDIRECT] Feb 07, 2026 10:11:54 PM java.util.prefs.FileSystemPreferences checkLockFile0ErrorCode
2026-02-07 22:11:54,265 [ERROR] LogOutputStream:75 - [STDERR_REDIRECT] WARNING: Could not lock System prefs. Unix error code 2.
2026-02-07 22:11:54,266 [ERROR] LogOutputStream:75 - [STDERR_REDIRECT] 
2026-02-07 22:11:54,266 [ERROR] LogOutputStream:75 - [STDERR_REDIRECT] Feb 07, 2026 10:11:54 PM java.util.prefs.FileSystemPreferences syncWorld
2026-02-07 22:11:54,266 [ERROR] LogOutputStream:75 - [STDERR_REDIRECT] WARNING: Couldn't flush system prefs: java.util.prefs.BackingStoreException: Couldn't get file lock.
2026-02-07 22:11:54,266 [ERROR] LogOutputStream:75 - [STDERR_REDIRECT] 
2026-02-07 22:12:24,265 [ERROR] LogOutputStream:75 - [STDERR_REDIRECT] Feb 07, 2026 10:12:24 PM java.util.prefs.FileSystemPreferences checkLockFile0ErrorCode
2026-02-07 22:12:24,265 [ERROR] LogOutputStream:75 - [STDERR_REDIRECT] WARNING: Could not lock System prefs. Unix error code 2.
2026-02-07 22:12:24,265 [ERROR] LogOutputStream:75 - [STDERR_REDIRECT] 
2026-02-07 22:12:24,266 [ERROR] LogOutputStream:75 - [STDERR_REDIRECT] Feb 07, 2026 10:12:24 PM java.util.prefs.FileSystemPreferences syncWorld
2026-02-07 22:12:24,266 [ERROR] LogOutputStream:75 - [STDERR_REDIRECT] WARNING: Couldn't flush system prefs: java.util.prefs.BackingStoreException: Couldn't get file lock.
2026-02-07 22:12:24,266 [ERROR] LogOutputStream:75 - [STDERR_REDIRECT] 
2026-02-07 22:12:54,264 [ERROR] LogOutputStream:75 - [STDERR_REDIRECT] Feb 07, 2026 10:12:54 PM java.util.prefs.FileSystemPreferences checkLockFile0ErrorCode
2026-02-07 22:12:54,264 [ERROR] LogOutputStream:75 - [STDERR_REDIRECT] WARNING: Could not lock System prefs. Unix error code 2.
2026-02-07 22:12:54,264 [ERROR] LogOutputStream:75 - [STDERR_REDIRECT] 
2026-02-07 22:12:54,265 [ERROR] LogOutputStream:75 - [STDERR_REDIRECT] Feb 07, 2026 10:12:54 PM java.util.prefs.FileSystemPreferences syncWorld
2026-02-07 22:12:54,265 [ERROR] LogOutputStream:75 - [STDERR_REDIRECT] WARNING: Couldn't flush system prefs: java.util.prefs.BackingStoreException: Couldn't get file lock.
2026-02-07 22:12:54,265 [ERROR] LogOutputStream:75 - [STDERR_REDIRECT] 
2026-02-07 22:13:24,264 [ERROR] LogOutputStream:75 - [STDERR_REDIRECT] Feb 07, 2026 10:13:24 PM java.util.prefs.FileSystemPreferences checkLockFile0ErrorCode
2026-02-07 22:13:24,265 [ERROR] LogOutputStream:75 - [STDERR_REDIRECT] WARNING: Could not lock System prefs. Unix error code 2.
2026-02-07 22:13:24,265 [ERROR] LogOutputStream:75 - [STDERR_REDIRECT] 
2026-02-07 22:13:24,265 [ERROR] LogOutputStream:75 - [STDERR_REDIRECT] Feb 07, 2026 10:13:24 PM java.util.prefs.FileSystemPreferences syncWorld
2026-02-07 22:13:24,265 [ERROR] LogOutputStream:75 - [STDERR_REDIRECT] WARNING: Couldn't flush system prefs: java.util.prefs.BackingStoreException: Couldn't get file lock.
2026-02-07 22:13:24,266 [ERROR] LogOutputStream:75 - [STDERR_REDIRECT] 
2026-02-07 22:13:54,266 [ERROR] LogOutputStream:75 - [STDERR_REDIRECT] Feb 07, 2026 10:13:54 PM java.util.prefs.FileSystemPreferences checkLockFile0ErrorCode
2026-02-07 22:13:54,266 [ERROR] LogOutputStream:75 - [STDERR_REDIRECT] WARNING: Could not lock System prefs. Unix error code 2.
2026-02-07 22:13:54,266 [ERROR] LogOutputStream:75 - [STDERR_REDIRECT] 
2026-02-07 22:13:54,267 [ERROR] LogOutputStream:75 - [STDERR_REDIRECT] Feb 07, 2026 10:13:54 PM java.util.prefs.FileSystemPreferences syncWorld
2026-02-07 22:13:54,267 [ERROR] LogOutputStream:75 - [STDERR_REDIRECT] WARNING: Couldn't flush system prefs: java.util.prefs.BackingStoreException: Couldn't get file lock.
2026-02-07 22:13:54,267 [ERROR] LogOutputStream:75 - [STDERR_REDIRECT] 
2026-02-07 22:14:24,265 [ERROR] LogOutputStream:75 - [STDERR_REDIRECT] Feb 07, 2026 10:14:24 PM java.util.prefs.FileSystemPreferences checkLockFile0ErrorCode
2026-02-07 22:14:24,265 [ERROR] LogOutputStream:75 - [STDERR_REDIRECT] WARNING: Could not lock System prefs. Unix error code 2.
2026-02-07 22:14:24,265 [ERROR] LogOutputStream:75 - [STDERR_REDIRECT] 
2026-02-07 22:14:24,266 [ERROR] LogOutputStream:75 - [STDERR_REDIRECT] Feb 07, 2026 10:14:24 PM java.util.prefs.FileSystemPreferences syncWorld
2026-02-07 22:14:24,266 [ERROR] LogOutputStream:75 - [STDERR_REDIRECT] WARNING: Couldn't flush system prefs: java.util.prefs.BackingStoreException: Couldn't get file lock.
2026-02-07 22:14:24,266 [ERROR] LogOutputStream:75 - [STDERR_REDIRECT] 
2026-02-07 22:14:54,266 [ERROR] LogOutputStream:75 - [STDERR_REDIRECT] Feb 07, 2026 10:14:54 PM java.util.prefs.FileSystemPreferences checkLockFile0ErrorCode
2026-02-07 22:14:54,267 [ERROR] LogOutputStream:75 - [STDERR_REDIRECT] WARNING: Could not lock System prefs. Unix error code 2.
2026-02-07 22:14:54,267 [ERROR] LogOutputStream:75 - [STDERR_REDIRECT] 
2026-02-07 22:14:54,267 [ERROR] LogOutputStream:75 - [STDERR_REDIRECT] Feb 07, 2026 10:14:54 PM java.util.prefs.FileSystemPreferences syncWorld
2026-02-07 22:14:54,267 [ERROR] LogOutputStream:75 - [STDERR_REDIRECT] WARNING: Couldn't flush system prefs: java.util.prefs.BackingStoreException: Couldn't get file lock.
2026-02-07 22:14:54,268 [ERROR] LogOutputStream:75 - [STDERR_REDIRECT] 
2026-02-07 22:15:19,237 [INFO] WebApp:194 - Connection lost
2026-02-07 22:15:19,748 [INFO] WebApp:191 - Connection restablished
2026-02-07 22:15:24,265 [ERROR] LogOutputStream:75 - [STDERR_REDIRECT] Feb 07, 2026 10:15:24 PM java.util.prefs.FileSystemPreferences checkLockFile0ErrorCode
2026-02-07 22:15:24,265 [ERROR] LogOutputStream:75 - [STDERR_REDIRECT] WARNING: Could not lock System prefs. Unix error code 2.
2026-02-07 22:15:24,265 [ERROR] LogOutputStream:75 - [STDERR_REDIRECT] 
2026-02-07 22:15:24,265 [ERROR] LogOutputStream:75 - [STDERR_REDIRECT] Feb 07, 2026 10:15:24 PM java.util.prefs.FileSystemPreferences syncWorld
2026-02-07 22:15:24,266 [ERROR] LogOutputStream:75 - [STDERR_REDIRECT] WARNING: Couldn't flush system prefs: java.util.prefs.BackingStoreException: Couldn't get file lock.
2026-02-07 22:15:24,266 [ERROR] LogOutputStream:75 - [STDERR_REDIRECT] 
2026-02-07 22:15:54,265 [ERROR] LogOutputStream:75 - [STDERR_REDIRECT] Feb 07, 2026 10:15:54 PM java.util.prefs.FileSystemPreferences checkLockFile0ErrorCode
2026-02-07 22:15:54,265 [ERROR] LogOutputStream:75 - [STDERR_REDIRECT] WARNING: Could not lock System prefs. Unix error code 2.
2026-02-07 22:15:54,265 [ERROR] LogOutputStream:75 - [STDERR_REDIRECT] 
2026-02-07 22:15:54,266 [ERROR] LogOutputStream:75 - [STDERR_REDIRECT] Feb 07, 2026 10:15:54 PM java.util.prefs.FileSystemPreferences syncWorld
2026-02-07 22:15:54,266 [ERROR] LogOutputStream:75 - [STDERR_REDIRECT] WARNING: Couldn't flush system prefs: java.util.prefs.BackingStoreException: Couldn't get file lock.
2026-02-07 22:15:54,266 [ERROR] LogOutputStream:75 - [STDERR_REDIRECT] 
2026-02-07 22:16:24,267 [ERROR] LogOutputStream:75 - [STDERR_REDIRECT] Feb 07, 2026 10:16:24 PM java.util.prefs.FileSystemPreferences checkLockFile0ErrorCode
2026-02-07 22:16:24,267 [ERROR] LogOutputStream:75 - [STDERR_REDIRECT] WARNING: Could not lock System prefs. Unix error code 2.
2026-02-07 22:16:24,267 [ERROR] LogOutputStream:75 - [STDERR_REDIRECT] 
2026-02-07 22:16:24,268 [ERROR] LogOutputStream:75 - [STDERR_REDIRECT] Feb 07, 2026 10:16:24 PM java.util.prefs.FileSystemPreferences syncWorld
2026-02-07 22:16:24,268 [ERROR] LogOutputStream:75 - [STDERR_REDIRECT] WARNING: Couldn't flush system prefs: java.util.prefs.BackingStoreException: Couldn't get file lock.
2026-02-07 22:16:24,268 [ERROR] LogOutputStream:75 - [STDERR_REDIRECT] 
2026-02-07 22:16:54,267 [ERROR] LogOutputStream:75 - [STDERR_REDIRECT] Feb 07, 2026 10:16:54 PM java.util.prefs.FileSystemPreferences checkLockFile0ErrorCode
2026-02-07 22:16:54,267 [ERROR] LogOutputStream:75 - [STDERR_REDIRECT] WARNING: Could not lock System prefs. Unix error code 2.
2026-02-07 22:16:54,268 [ERROR] LogOutputStream:75 - [STDERR_REDIRECT] 
2026-02-07 22:16:54,268 [ERROR] LogOutputStream:75 - [STDERR_REDIRECT] Feb 07, 2026 10:16:54 PM java.util.prefs.FileSystemPreferences syncWorld
2026-02-07 22:16:54,268 [ERROR] LogOutputStream:75 - [STDERR_REDIRECT] WARNING: Couldn't flush system prefs: java.util.prefs.BackingStoreException: Couldn't get file lock.
2026-02-07 22:16:54,269 [ERROR] LogOutputStream:75 - [STDERR_REDIRECT] 
2026-02-07 22:17:24,265 [ERROR] LogOutputStream:75 - [STDERR_REDIRECT] Feb 07, 2026 10:17:24 PM java.util.prefs.FileSystemPreferences checkLockFile0ErrorCode
2026-02-07 22:17:24,266 [ERROR] LogOutputStream:75 - [STDERR_REDIRECT] WARNING: Could not lock System prefs. Unix error code 2.
2026-02-07 22:17:24,266 [ERROR] LogOutputStream:75 - [STDERR_REDIRECT] 
2026-02-07 22:17:24,266 [ERROR] LogOutputStream:75 - [STDERR_REDIRECT] Feb 07, 2026 10:17:24 PM java.util.prefs.FileSystemPreferences syncWorld
2026-02-07 22:17:24,266 [ERROR] LogOutputStream:75 - [STDERR_REDIRECT] WARNING: Couldn't flush system prefs: java.util.prefs.BackingStoreException: Couldn't get file lock.
2026-02-07 22:17:24,267 [ERROR] LogOutputStream:75 - [STDERR_REDIRECT] 
2026-02-07 22:17:54,267 [ERROR] LogOutputStream:75 - [STDERR_REDIRECT] Feb 07, 2026 10:17:54 PM java.util.prefs.FileSystemPreferences checkLockFile0ErrorCode
2026-02-07 22:17:54,267 [ERROR] LogOutputStream:75 - [STDERR_REDIRECT] WARNING: Could not lock System prefs. Unix error code 2.
2026-02-07 22:17:54,267 [ERROR] LogOutputStream:75 - [STDERR_REDIRECT] 
2026-02-07 22:17:54,267 [ERROR] LogOutputStream:75 - [STDERR_REDIRECT] Feb 07, 2026 10:17:54 PM java.util.prefs.FileSystemPreferences syncWorld
2026-02-07 22:17:54,268 [ERROR] LogOutputStream:75 - [STDERR_REDIRECT] WARNING: Couldn't flush system prefs: java.util.prefs.BackingStoreException: Couldn't get file lock.
2026-02-07 22:17:54,268 [ERROR] LogOutputStream:75 - [STDERR_REDIRECT] 
2026-02-07 22:18:24,266 [ERROR] LogOutputStream:75 - [STDERR_REDIRECT] Feb 07, 2026 10:18:24 PM java.util.prefs.FileSystemPreferences checkLockFile0ErrorCode
2026-02-07 22:18:24,266 [ERROR] LogOutputStream:75 - [STDERR_REDIRECT] WARNING: Could not lock System prefs. Unix error code 2.
2026-02-07 22:18:24,267 [ERROR] LogOutputStream:75 - [STDERR_REDIRECT] 
2026-02-07 22:18:24,267 [ERROR] LogOutputStream:75 - [STDERR_REDIRECT] Feb 07, 2026 10:18:24 PM java.util.prefs.FileSystemPreferences syncWorld
2026-02-07 22:18:24,267 [ERROR] LogOutputStream:75 - [STDERR_REDIRECT] WARNING: Couldn't flush system prefs: java.util.prefs.BackingStoreException: Couldn't get file lock.
2026-02-07 22:18:24,268 [ERROR] LogOutputStream:75 - [STDERR_REDIRECT] 
2026-02-07 22:18:54,266 [ERROR] LogOutputStream:75 - [STDERR_REDIRECT] Feb 07, 2026 10:18:54 PM java.util.prefs.FileSystemPreferences checkLockFile0ErrorCode
2026-02-07 22:18:54,267 [ERROR] LogOutputStream:75 - [STDERR_REDIRECT] WARNING: Could not lock System prefs. Unix error code 2.
2026-02-07 22:18:54,267 [ERROR] LogOutputStream:75 - [STDERR_REDIRECT] 
2026-02-07 22:18:54,267 [ERROR] LogOutputStream:75 - [STDERR_REDIRECT] Feb 07, 2026 10:18:54 PM java.util.prefs.FileSystemPreferences syncWorld
2026-02-07 22:18:54,268 [ERROR] LogOutputStream:75 - [STDERR_REDIRECT] WARNING: Couldn't flush system prefs: java.util.prefs.BackingStoreException: Couldn't get file lock.
2026-02-07 22:18:54,268 [ERROR] LogOutputStream:75 - [STDERR_REDIRECT] 
2026-02-07 22:19:24,266 [ERROR] LogOutputStream:75 - [STDERR_REDIRECT] Feb 07, 2026 10:19:24 PM java.util.prefs.FileSystemPreferences checkLockFile0ErrorCode
2026-02-07 22:19:24,266 [ERROR] LogOutputStream:75 - [STDERR_REDIRECT] WARNING: Could not lock System prefs. Unix error code 2.
2026-02-07 22:19:24,267 [ERROR] LogOutputStream:75 - [STDERR_REDIRECT] 
2026-02-07 22:19:24,267 [ERROR] LogOutputStream:75 - [STDERR_REDIRECT] Feb 07, 2026 10:19:24 PM java.util.prefs.FileSystemPreferences syncWorld
2026-02-07 22:19:24,267 [ERROR] LogOutputStream:75 - [STDERR_REDIRECT] WARNING: Couldn't flush system prefs: java.util.prefs.BackingStoreException: Couldn't get file lock.
2026-02-07 22:19:24,267 [ERROR] LogOutputStream:75 - [STDERR_REDIRECT] 
2026-02-07 22:19:54,266 [ERROR] LogOutputStream:75 - [STDERR_REDIRECT] Feb 07, 2026 10:19:54 PM java.util.prefs.FileSystemPreferences checkLockFile0ErrorCode
2026-02-07 22:19:54,267 [ERROR] LogOutputStream:75 - [STDERR_REDIRECT] WARNING: Could not lock System prefs. Unix error code 2.
2026-02-07 22:19:54,267 [ERROR] LogOutputStream:75 - [STDERR_REDIRECT] 
2026-02-07 22:19:54,268 [ERROR] LogOutputStream:75 - [STDERR_REDIRECT] Feb 07, 2026 10:19:54 PM java.util.prefs.FileSystemPreferences syncWorld
2026-02-07 22:19:54,268 [ERROR] LogOutputStream:75 - [STDERR_REDIRECT] WARNING: Couldn't flush system prefs: java.util.prefs.BackingStoreException: Couldn't get file lock.
2026-02-07 22:19:54,268 [ERROR] LogOutputStream:75 - [STDERR_REDIRECT] 
2026-02-07 22:20:24,102 [INFO] WebApp:194 - Connection lost
2026-02-07 22:20:24,267 [ERROR] LogOutputStream:75 - [STDERR_REDIRECT] Feb 07, 2026 10:20:24 PM java.util.prefs.FileSystemPreferences checkLockFile0ErrorCode
2026-02-07 22:20:24,268 [ERROR] LogOutputStream:75 - [STDERR_REDIRECT] WARNING: Could not lock System prefs. Unix error code 2.
2026-02-07 22:20:24,268 [ERROR] LogOutputStream:75 - [STDERR_REDIRECT] 
2026-02-07 22:20:24,268 [ERROR] LogOutputStream:75 - [STDERR_REDIRECT] Feb 07, 2026 10:20:24 PM java.util.prefs.FileSystemPreferences syncWorld
2026-02-07 22:20:24,269 [ERROR] LogOutputStream:75 - [STDERR_REDIRECT] WARNING: Couldn't flush system prefs: java.util.prefs.BackingStoreException: Couldn't get file lock.
2026-02-07 22:20:24,269 [ERROR] LogOutputStream:75 - [STDERR_REDIRECT] 
2026-02-07 22:20:24,328 [INFO] WebApp:191 - Connection restablished
2026-02-07 22:20:54,267 [ERROR] LogOutputStream:75 - [STDERR_REDIRECT] Feb 07, 2026 10:20:54 PM java.util.prefs.FileSystemPreferences checkLockFile0ErrorCode
2026-02-07 22:20:54,267 [ERROR] LogOutputStream:75 - [STDERR_REDIRECT] WARNING: Could not lock System prefs. Unix error code 2.
2026-02-07 22:20:54,268 [ERROR] LogOutputStream:75 - [STDERR_REDIRECT] 
2026-02-07 22:20:54,268 [ERROR] LogOutputStream:75 - [STDERR_REDIRECT] Feb 07, 2026 10:20:54 PM java.util.prefs.FileSystemPreferences syncWorld
2026-02-07 22:20:54,268 [ERROR] LogOutputStream:75 - [STDERR_REDIRECT] WARNING: Couldn't flush system prefs: java.util.prefs.BackingStoreException: Couldn't get file lock.
2026-02-07 22:20:54,268 [ERROR] LogOutputStream:75 - [STDERR_REDIRECT] 
2026-02-07 22:21:24,267 [ERROR] LogOutputStream:75 - [STDERR_REDIRECT] Feb 07, 2026 10:21:24 PM java.util.prefs.FileSystemPreferences checkLockFile0ErrorCode
2026-02-07 22:21:24,267 [ERROR] LogOutputStream:75 - [STDERR_REDIRECT] WARNING: Could not lock System prefs. Unix error code 2.
2026-02-07 22:21:24,267 [ERROR] LogOutputStream:75 - [STDERR_REDIRECT] 
2026-02-07 22:21:24,268 [ERROR] LogOutputStream:75 - [STDERR_REDIRECT] Feb 07, 2026 10:21:24 PM java.util.prefs.FileSystemPreferences syncWorld
2026-02-07 22:21:24,268 [ERROR] LogOutputStream:75 - [STDERR_REDIRECT] WARNING: Couldn't flush system prefs: java.util.prefs.BackingStoreException: Couldn't get file lock.
2026-02-07 22:21:24,268 [ERROR] LogOutputStream:75 - [STDERR_REDIRECT] 
2026-02-07 22:21:54,268 [ERROR] LogOutputStream:75 - [STDERR_REDIRECT] Feb 07, 2026 10:21:54 PM java.util.prefs.FileSystemPreferences checkLockFile0ErrorCode
2026-02-07 22:21:54,268 [ERROR] LogOutputStream:75 - [STDERR_REDIRECT] WARNING: Could not lock System prefs. Unix error code 2.
2026-02-07 22:21:54,269 [ERROR] LogOutputStream:75 - [STDERR_REDIRECT] 
2026-02-07 22:21:54,269 [ERROR] LogOutputStream:75 - [STDERR_REDIRECT] Feb 07, 2026 10:21:54 PM java.util.prefs.FileSystemPreferences syncWorld
2026-02-07 22:21:54,270 [ERROR] LogOutputStream:75 - [STDERR_REDIRECT] WARNING: Couldn't flush system prefs: java.util.prefs.BackingStoreException: Couldn't get file lock.
2026-02-07 22:21:54,270 [ERROR] LogOutputStream:75 - [STDERR_REDIRECT] 
2026-02-07 22:22:24,270 [ERROR] LogOutputStream:75 - [STDERR_REDIRECT] Feb 07, 2026 10:22:24 PM java.util.prefs.FileSystemPreferences checkLockFile0ErrorCode
2026-02-07 22:22:24,270 [ERROR] LogOutputStream:75 - [STDERR_REDIRECT] WARNING: Could not lock System prefs. Unix error code 2.
2026-02-07 22:22:24,270 [ERROR] LogOutputStream:75 - [STDERR_REDIRECT] 
2026-02-07 22:22:24,271 [ERROR] LogOutputStream:75 - [STDERR_REDIRECT] Feb 07, 2026 10:22:24 PM java.util.prefs.FileSystemPreferences syncWorld
2026-02-07 22:22:24,271 [ERROR] LogOutputStream:75 - [STDERR_REDIRECT] WARNING: Couldn't flush system prefs: java.util.prefs.BackingStoreException: Couldn't get file lock.
2026-02-07 22:22:24,271 [ERROR] LogOutputStream:75 - [STDERR_REDIRECT] 
2026-02-07 22:22:54,269 [ERROR] LogOutputStream:75 - [STDERR_REDIRECT] Feb 07, 2026 10:22:54 PM java.util.prefs.FileSystemPreferences checkLockFile0ErrorCode
2026-02-07 22:22:54,270 [ERROR] LogOutputStream:75 - [STDERR_REDIRECT] WARNING: Could not lock System prefs. Unix error code 2.
2026-02-07 22:22:54,270 [ERROR] LogOutputStream:75 - [STDERR_REDIRECT] 
2026-02-07 22:22:54,271 [ERROR] LogOutputStream:75 - [STDERR_REDIRECT] Feb 07, 2026 10:22:54 PM java.util.prefs.FileSystemPreferences syncWorld
2026-02-07 22:22:54,271 [ERROR] LogOutputStream:75 - [STDERR_REDIRECT] WARNING: Couldn't flush system prefs: java.util.prefs.BackingStoreException: Couldn't get file lock.
2026-02-07 22:22:54,271 [ERROR] LogOutputStream:75 - [STDERR_REDIRECT] 
2026-02-07 22:23:24,268 [ERROR] LogOutputStream:75 - [STDERR_REDIRECT] Feb 07, 2026 10:23:24 PM java.util.prefs.FileSystemPreferences checkLockFile0ErrorCode
2026-02-07 22:23:24,268 [ERROR] LogOutputStream:75 - [STDERR_REDIRECT] WARNING: Could not lock System prefs. Unix error code 2.
2026-02-07 22:23:24,268 [ERROR] LogOutputStream:75 - [STDERR_REDIRECT] 
2026-02-07 22:23:24,269 [ERROR] LogOutputStream:75 - [STDERR_REDIRECT] Feb 07, 2026 10:23:24 PM java.util.prefs.FileSystemPreferences syncWorld
2026-02-07 22:23:24,269 [ERROR] LogOutputStream:75 - [STDERR_REDIRECT] WARNING: Couldn't flush system prefs: java.util.prefs.BackingStoreException: Couldn't get file lock.
2026-02-07 22:23:24,269 [ERROR] LogOutputStream:75 - [STDERR_REDIRECT] 
2026-02-07 22:23:54,268 [ERROR] LogOutputStream:75 - [STDERR_REDIRECT] Feb 07, 2026 10:23:54 PM java.util.prefs.FileSystemPreferences checkLockFile0ErrorCode
2026-02-07 22:23:54,268 [ERROR] LogOutputStream:75 - [STDERR_REDIRECT] WARNING: Could not lock System prefs. Unix error code 2.
2026-02-07 22:23:54,268 [ERROR] LogOutputStream:75 - [STDERR_REDIRECT] 
2026-02-07 22:23:54,269 [ERROR] LogOutputStream:75 - [STDERR_REDIRECT] Feb 07, 2026 10:23:54 PM java.util.prefs.FileSystemPreferences syncWorld
2026-02-07 22:23:54,269 [ERROR] LogOutputStream:75 - [STDERR_REDIRECT] WARNING: Couldn't flush system prefs: java.util.prefs.BackingStoreException: Couldn't get file lock.
2026-02-07 22:23:54,269 [ERROR] LogOutputStream:75 - [STDERR_REDIRECT] 
2026-02-07 22:24:25,484 [ERROR] LogOutputStream:75 - [STDERR_REDIRECT] Feb 07, 2026 10:24:25 PM java.util.prefs.FileSystemPreferences checkLockFile0ErrorCode
2026-02-07 22:24:25,485 [ERROR] LogOutputStream:75 - [STDERR_REDIRECT] WARNING: Could not lock System prefs. Unix error code 2.
2026-02-07 22:24:25,485 [ERROR] LogOutputStream:75 - [STDERR_REDIRECT] 
2026-02-07 22:24:25,485 [ERROR] LogOutputStream:75 - [STDERR_REDIRECT] Feb 07, 2026 10:24:25 PM java.util.prefs.FileSystemPreferences syncWorld
2026-02-07 22:24:25,485 [ERROR] LogOutputStream:75 - [STDERR_REDIRECT] WARNING: Couldn't flush system prefs: java.util.prefs.BackingStoreException: Couldn't get file lock.
2026-02-07 22:24:25,485 [ERROR] LogOutputStream:75 - [STDERR_REDIRECT] 
2026-02-07 22:24:55,484 [ERROR] LogOutputStream:75 - [STDERR_REDIRECT] Feb 07, 2026 10:24:55 PM java.util.prefs.FileSystemPreferences checkLockFile0ErrorCode
2026-02-07 22:24:55,484 [ERROR] LogOutputStream:75 - [STDERR_REDIRECT] WARNING: Could not lock System prefs. Unix error code 2.
2026-02-07 22:24:55,484 [ERROR] LogOutputStream:75 - [STDERR_REDIRECT] 
2026-02-07 22:24:55,485 [ERROR] LogOutputStream:75 - [STDERR_REDIRECT] Feb 07, 2026 10:24:55 PM java.util.prefs.FileSystemPreferences syncWorld
2026-02-07 22:24:55,485 [ERROR] LogOutputStream:75 - [STDERR_REDIRECT] WARNING: Couldn't flush system prefs: java.util.prefs.BackingStoreException: Couldn't get file lock.
2026-02-07 22:24:55,485 [ERROR] LogOutputStream:75 - [STDERR_REDIRECT] 
2026-02-07 22:25:25,487 [ERROR] LogOutputStream:75 - [STDERR_REDIRECT] Feb 07, 2026 10:25:25 PM java.util.prefs.FileSystemPreferences checkLockFile0ErrorCode
2026-02-07 22:25:25,487 [ERROR] LogOutputStream:75 - [STDERR_REDIRECT] WARNING: Could not lock System prefs. Unix error code 2.
2026-02-07 22:25:25,487 [ERROR] LogOutputStream:75 - [STDERR_REDIRECT] 
2026-02-07 22:25:25,488 [ERROR] LogOutputStream:75 - [STDERR_REDIRECT] Feb 07, 2026 10:25:25 PM java.util.prefs.FileSystemPreferences syncWorld
2026-02-07 22:25:25,488 [ERROR] LogOutputStream:75 - [STDERR_REDIRECT] WARNING: Couldn't flush system prefs: java.util.prefs.BackingStoreException: Couldn't get file lock.
2026-02-07 22:25:25,488 [ERROR] LogOutputStream:75 - [STDERR_REDIRECT] 
2026-02-07 22:25:55,486 [ERROR] LogOutputStream:75 - [STDERR_REDIRECT] Feb 07, 2026 10:25:55 PM java.util.prefs.FileSystemPreferences checkLockFile0ErrorCode
2026-02-07 22:25:55,487 [ERROR] LogOutputStream:75 - [STDERR_REDIRECT] WARNING: Could not lock System prefs. Unix error code 2.
2026-02-07 22:25:55,497 [ERROR] LogOutputStream:75 - [STDERR_REDIRECT] 
2026-02-07 22:25:55,498 [ERROR] LogOutputStream:75 - [STDERR_REDIRECT] Feb 07, 2026 10:25:55 PM java.util.prefs.FileSystemPreferences syncWorld
2026-02-07 22:25:55,498 [ERROR] LogOutputStream:75 - [STDERR_REDIRECT] WARNING: Couldn't flush system prefs: java.util.prefs.BackingStoreException: Couldn't get file lock.
2026-02-07 22:25:55,498 [ERROR] LogOutputStream:75 - [STDERR_REDIRECT] 
2026-02-07 22:26:25,486 [ERROR] LogOutputStream:75 - [STDERR_REDIRECT] Feb 07, 2026 10:26:25 PM java.util.prefs.FileSystemPreferences checkLockFile0ErrorCode
2026-02-07 22:26:25,487 [ERROR] LogOutputStream:75 - [STDERR_REDIRECT] WARNING: Could not lock System prefs. Unix error code 2.
2026-02-07 22:26:25,487 [ERROR] LogOutputStream:75 - [STDERR_REDIRECT] 
2026-02-07 22:26:25,487 [ERROR] LogOutputStream:75 - [STDERR_REDIRECT] Feb 07, 2026 10:26:25 PM java.util.prefs.FileSystemPreferences syncWorld
2026-02-07 22:26:25,488 [ERROR] LogOutputStream:75 - [STDERR_REDIRECT] WARNING: Couldn't flush system prefs: java.util.prefs.BackingStoreException: Couldn't get file lock.
2026-02-07 22:26:25,488 [ERROR] LogOutputStream:75 - [STDERR_REDIRECT] 
2026-02-07 22:26:55,487 [ERROR] LogOutputStream:75 - [STDERR_REDIRECT] Feb 07, 2026 10:26:55 PM java.util.prefs.FileSystemPreferences checkLockFile0ErrorCode
2026-02-07 22:26:55,488 [ERROR] LogOutputStream:75 - [STDERR_REDIRECT] WARNING: Could not lock System prefs. Unix error code 2.
2026-02-07 22:26:55,488 [ERROR] LogOutputStream:75 - [STDERR_REDIRECT] 
2026-02-07 22:26:55,488 [ERROR] LogOutputStream:75 - [STDERR_REDIRECT] Feb 07, 2026 10:26:55 PM java.util.prefs.FileSystemPreferences syncWorld
2026-02-07 22:26:55,489 [ERROR] LogOutputStream:75 - [STDERR_REDIRECT] WARNING: Couldn't flush system prefs: java.util.prefs.BackingStoreException: Couldn't get file lock.
2026-02-07 22:26:55,489 [ERROR] LogOutputStream:75 - [STDERR_REDIRECT] 
2026-02-07 22:27:25,485 [ERROR] LogOutputStream:75 - [STDERR_REDIRECT] Feb 07, 2026 10:27:25 PM java.util.prefs.FileSystemPreferences checkLockFile0ErrorCode
2026-02-07 22:27:25,486 [ERROR] LogOutputStream:75 - [STDERR_REDIRECT] WARNING: Could not lock System prefs. Unix error code 2.
2026-02-07 22:27:25,486 [ERROR] LogOutputStream:75 - [STDERR_REDIRECT] 
2026-02-07 22:27:25,486 [ERROR] LogOutputStream:75 - [STDERR_REDIRECT] Feb 07, 2026 10:27:25 PM java.util.prefs.FileSystemPreferences syncWorld
2026-02-07 22:27:25,486 [ERROR] LogOutputStream:75 - [STDERR_REDIRECT] WARNING: Couldn't flush system prefs: java.util.prefs.BackingStoreException: Couldn't get file lock.
2026-02-07 22:27:25,486 [ERROR] LogOutputStream:75 - [STDERR_REDIRECT] 
2026-02-07 22:27:55,485 [ERROR] LogOutputStream:75 - [STDERR_REDIRECT] Feb 07, 2026 10:27:55 PM java.util.prefs.FileSystemPreferences checkLockFile0ErrorCode
2026-02-07 22:27:55,486 [ERROR] LogOutputStream:75 - [STDERR_REDIRECT] WARNING: Could not lock System prefs. Unix error code 2.
2026-02-07 22:27:55,486 [ERROR] LogOutputStream:75 - [STDERR_REDIRECT] 
2026-02-07 22:27:55,486 [ERROR] LogOutputStream:75 - [STDERR_REDIRECT] Feb 07, 2026 10:27:55 PM java.util.prefs.FileSystemPreferences syncWorld
2026-02-07 22:27:55,486 [ERROR] LogOutputStream:75 - [STDERR_REDIRECT] WARNING: Couldn't flush system prefs: java.util.prefs.BackingStoreException: Couldn't get file lock.
2026-02-07 22:27:55,487 [ERROR] LogOutputStream:75 - [STDERR_REDIRECT] 
2026-02-07 22:28:25,485 [ERROR] LogOutputStream:75 - [STDERR_REDIRECT] Feb 07, 2026 10:28:25 PM java.util.prefs.FileSystemPreferences checkLockFile0ErrorCode
2026-02-07 22:28:25,486 [ERROR] LogOutputStream:75 - [STDERR_REDIRECT] WARNING: Could not lock System prefs. Unix error code 2.
2026-02-07 22:28:25,486 [ERROR] LogOutputStream:75 - [STDERR_REDIRECT] 
2026-02-07 22:28:25,486 [ERROR] LogOutputStream:75 - [STDERR_REDIRECT] Feb 07, 2026 10:28:25 PM java.util.prefs.FileSystemPreferences syncWorld
2026-02-07 22:28:25,486 [ERROR] LogOutputStream:75 - [STDERR_REDIRECT] WARNING: Couldn't flush system prefs: java.util.prefs.BackingStoreException: Couldn't get file lock.
2026-02-07 22:28:25,487 [ERROR] LogOutputStream:75 - [STDERR_REDIRECT] 
2026-02-07 22:28:55,485 [ERROR] LogOutputStream:75 - [STDERR_REDIRECT] Feb 07, 2026 10:28:55 PM java.util.prefs.FileSystemPreferences checkLockFile0ErrorCode
2026-02-07 22:28:55,486 [ERROR] LogOutputStream:75 - [STDERR_REDIRECT] WARNING: Could not lock System prefs. Unix error code 2.
2026-02-07 22:28:55,486 [ERROR] LogOutputStream:75 - [STDERR_REDIRECT] 
2026-02-07 22:28:55,487 [ERROR] LogOutputStream:75 - [STDERR_REDIRECT] Feb 07, 2026 10:28:55 PM java.util.prefs.FileSystemPreferences syncWorld
2026-02-07 22:28:55,487 [ERROR] LogOutputStream:75 - [STDERR_REDIRECT] WARNING: Couldn't flush system prefs: java.util.prefs.BackingStoreException: Couldn't get file lock.
2026-02-07 22:28:55,487 [ERROR] LogOutputStream:75 - [STDERR_REDIRECT] 
2026-02-07 22:29:25,486 [ERROR] LogOutputStream:75 - [STDERR_REDIRECT] Feb 07, 2026 10:29:25 PM java.util.prefs.FileSystemPreferences checkLockFile0ErrorCode
2026-02-07 22:29:25,486 [ERROR] LogOutputStream:75 - [STDERR_REDIRECT] WARNING: Could not lock System prefs. Unix error code 2.
2026-02-07 22:29:25,486 [ERROR] LogOutputStream:75 - [STDERR_REDIRECT] 
2026-02-07 22:29:25,487 [ERROR] LogOutputStream:75 - [STDERR_REDIRECT] Feb 07, 2026 10:29:25 PM java.util.prefs.FileSystemPreferences syncWorld
2026-02-07 22:29:25,487 [ERROR] LogOutputStream:75 - [STDERR_REDIRECT] WARNING: Couldn't flush system prefs: java.util.prefs.BackingStoreException: Couldn't get file lock.
2026-02-07 22:29:25,487 [ERROR] LogOutputStream:75 - [STDERR_REDIRECT] 
2026-02-07 22:29:55,487 [ERROR] LogOutputStream:75 - [STDERR_REDIRECT] Feb 07, 2026 10:29:55 PM java.util.prefs.FileSystemPreferences checkLockFile0ErrorCode
2026-02-07 22:29:55,488 [ERROR] LogOutputStream:75 - [STDERR_REDIRECT] WARNING: Could not lock System prefs. Unix error code 2.
2026-02-07 22:29:55,488 [ERROR] LogOutputStream:75 - [STDERR_REDIRECT] 
2026-02-07 22:29:55,488 [ERROR] LogOutputStream:75 - [STDERR_REDIRECT] Feb 07, 2026 10:29:55 PM java.util.prefs.FileSystemPreferences syncWorld
2026-02-07 22:29:55,488 [ERROR] LogOutputStream:75 - [STDERR_REDIRECT] WARNING: Couldn't flush system prefs: java.util.prefs.BackingStoreException: Couldn't get file lock.
2026-02-07 22:29:55,489 [ERROR] LogOutputStream:75 - [STDERR_REDIRECT] 
2026-02-07 22:30:25,487 [ERROR] LogOutputStream:75 - [STDERR_REDIRECT] Feb 07, 2026 10:30:25 PM java.util.prefs.FileSystemPreferences checkLockFile0ErrorCode
2026-02-07 22:30:25,487 [ERROR] LogOutputStream:75 - [STDERR_REDIRECT] WARNING: Could not lock System prefs. Unix error code 2.
2026-02-07 22:30:25,487 [ERROR] LogOutputStream:75 - [STDERR_REDIRECT] 
2026-02-07 22:30:25,488 [ERROR] LogOutputStream:75 - [STDERR_REDIRECT] Feb 07, 2026 10:30:25 PM java.util.prefs.FileSystemPreferences syncWorld
2026-02-07 22:30:25,488 [ERROR] LogOutputStream:75 - [STDERR_REDIRECT] WARNING: Couldn't flush system prefs: java.util.prefs.BackingStoreException: Couldn't get file lock.
2026-02-07 22:30:25,488 [ERROR] LogOutputStream:75 - [STDERR_REDIRECT] 
2026-02-07 22:30:55,487 [ERROR] LogOutputStream:75 - [STDERR_REDIRECT] Feb 07, 2026 10:30:55 PM java.util.prefs.FileSystemPreferences checkLockFile0ErrorCode
2026-02-07 22:30:55,487 [ERROR] LogOutputStream:75 - [STDERR_REDIRECT] WARNING: Could not lock System prefs. Unix error code 2.
2026-02-07 22:30:55,488 [ERROR] LogOutputStream:75 - [STDERR_REDIRECT] 
2026-02-07 22:30:55,488 [ERROR] LogOutputStream:75 - [STDERR_REDIRECT] Feb 07, 2026 10:30:55 PM java.util.prefs.FileSystemPreferences syncWorld
2026-02-07 22:30:55,488 [ERROR] LogOutputStream:75 - [STDERR_REDIRECT] WARNING: Couldn't flush system prefs: java.util.prefs.BackingStoreException: Couldn't get file lock.
2026-02-07 22:30:55,488 [ERROR] LogOutputStream:75 - [STDERR_REDIRECT] 
2026-02-07 22:31:25,486 [ERROR] LogOutputStream:75 - [STDERR_REDIRECT] Feb 07, 2026 10:31:25 PM java.util.prefs.FileSystemPreferences checkLockFile0ErrorCode
2026-02-07 22:31:25,487 [ERROR] LogOutputStream:75 - [STDERR_REDIRECT] WARNING: Could not lock System prefs. Unix error code 2.
2026-02-07 22:31:25,487 [ERROR] LogOutputStream:75 - [STDERR_REDIRECT] 
2026-02-07 22:31:25,487 [ERROR] LogOutputStream:75 - [STDERR_REDIRECT] Feb 07, 2026 10:31:25 PM java.util.prefs.FileSystemPreferences syncWorld
2026-02-07 22:31:25,487 [ERROR] LogOutputStream:75 - [STDERR_REDIRECT] WARNING: Couldn't flush system prefs: java.util.prefs.BackingStoreException: Couldn't get file lock.
2026-02-07 22:31:25,488 [ERROR] LogOutputStream:75 - [STDERR_REDIRECT] 
2026-02-07 22:31:55,485 [ERROR] LogOutputStream:75 - [STDERR_REDIRECT] Feb 07, 2026 10:31:55 PM java.util.prefs.FileSystemPreferences checkLockFile0ErrorCode
2026-02-07 22:31:55,485 [ERROR] LogOutputStream:75 - [STDERR_REDIRECT] WARNING: Could not lock System prefs. Unix error code 2.
2026-02-07 22:31:55,485 [ERROR] LogOutputStream:75 - [STDERR_REDIRECT] 
2026-02-07 22:31:55,486 [ERROR] LogOutputStream:75 - [STDERR_REDIRECT] Feb 07, 2026 10:31:55 PM java.util.prefs.FileSystemPreferences syncWorld
2026-02-07 22:31:55,486 [ERROR] LogOutputStream:75 - [STDERR_REDIRECT] WARNING: Couldn't flush system prefs: java.util.prefs.BackingStoreException: Couldn't get file lock.
2026-02-07 22:31:55,486 [ERROR] LogOutputStream:75 - [STDERR_REDIRECT] 
2026-02-07 22:32:25,487 [ERROR] LogOutputStream:75 - [STDERR_REDIRECT] Feb 07, 2026 10:32:25 PM java.util.prefs.FileSystemPreferences checkLockFile0ErrorCode
2026-02-07 22:32:25,487 [ERROR] LogOutputStream:75 - [STDERR_REDIRECT] WARNING: Could not lock System prefs. Unix error code 2.
2026-02-07 22:32:25,487 [ERROR] LogOutputStream:75 - [STDERR_REDIRECT] 
2026-02-07 22:32:25,489 [ERROR] LogOutputStream:75 - [STDERR_REDIRECT] Feb 07, 2026 10:32:25 PM java.util.prefs.FileSystemPreferences syncWorld
2026-02-07 22:32:25,489 [ERROR] LogOutputStream:75 - [STDERR_REDIRECT] WARNING: Couldn't flush system prefs: java.util.prefs.BackingStoreException: Couldn't get file lock.
2026-02-07 22:32:25,489 [ERROR] LogOutputStream:75 - [STDERR_REDIRECT] 
2026-02-07 22:32:55,487 [ERROR] LogOutputStream:75 - [STDERR_REDIRECT] Feb 07, 2026 10:32:55 PM java.util.prefs.FileSystemPreferences checkLockFile0ErrorCode
2026-02-07 22:32:55,487 [ERROR] LogOutputStream:75 - [STDERR_REDIRECT] WARNING: Could not lock System prefs. Unix error code 2.
2026-02-07 22:32:55,488 [ERROR] LogOutputStream:75 - [STDERR_REDIRECT] 
2026-02-07 22:32:55,488 [ERROR] LogOutputStream:75 - [STDERR_REDIRECT] Feb 07, 2026 10:32:55 PM java.util.prefs.FileSystemPreferences syncWorld
2026-02-07 22:32:55,488 [ERROR] LogOutputStream:75 - [STDERR_REDIRECT] WARNING: Couldn't flush system prefs: java.util.prefs.BackingStoreException: Couldn't get file lock.
2026-02-07 22:32:55,488 [ERROR] LogOutputStream:75 - [STDERR_REDIRECT] 
2026-02-07 22:33:25,487 [ERROR] LogOutputStream:75 - [STDERR_REDIRECT] Feb 07, 2026 10:33:25 PM java.util.prefs.FileSystemPreferences checkLockFile0ErrorCode
2026-02-07 22:33:25,488 [ERROR] LogOutputStream:75 - [STDERR_REDIRECT] WARNING: Could not lock System prefs. Unix error code 2.
2026-02-07 22:33:25,488 [ERROR] LogOutputStream:75 - [STDERR_REDIRECT] 
2026-02-07 22:33:25,488 [ERROR] LogOutputStream:75 - [STDERR_REDIRECT] Feb 07, 2026 10:33:25 PM java.util.prefs.FileSystemPreferences syncWorld
2026-02-07 22:33:25,488 [ERROR] LogOutputStream:75 - [STDERR_REDIRECT] WARNING: Couldn't flush system prefs: java.util.prefs.BackingStoreException: Couldn't get file lock.
2026-02-07 22:33:25,489 [ERROR] LogOutputStream:75 - [STDERR_REDIRECT] 
2026-02-07 22:33:55,488 [ERROR] LogOutputStream:75 - [STDERR_REDIRECT] Feb 07, 2026 10:33:55 PM java.util.prefs.FileSystemPreferences checkLockFile0ErrorCode
2026-02-07 22:33:55,489 [ERROR] LogOutputStream:75 - [STDERR_REDIRECT] WARNING: Could not lock System prefs. Unix error code 2.
2026-02-07 22:33:55,489 [ERROR] LogOutputStream:75 - [STDERR_REDIRECT] 
2026-02-07 22:33:55,489 [ERROR] LogOutputStream:75 - [STDERR_REDIRECT] Feb 07, 2026 10:33:55 PM java.util.prefs.FileSystemPreferences syncWorld
2026-02-07 22:33:55,490 [ERROR] LogOutputStream:75 - [STDERR_REDIRECT] WARNING: Couldn't flush system prefs: java.util.prefs.BackingStoreException: Couldn't get file lock.
2026-02-07 22:33:55,490 [ERROR] LogOutputStream:75 - [STDERR_REDIRECT] 
2026-02-07 22:34:25,488 [ERROR] LogOutputStream:75 - [STDERR_REDIRECT] Feb 07, 2026 10:34:25 PM java.util.prefs.FileSystemPreferences checkLockFile0ErrorCode
2026-02-07 22:34:25,489 [ERROR] LogOutputStream:75 - [STDERR_REDIRECT] WARNING: Could not lock System prefs. Unix error code 2.
2026-02-07 22:34:25,489 [ERROR] LogOutputStream:75 - [STDERR_REDIRECT] 
2026-02-07 22:34:25,490 [ERROR] LogOutputStream:75 - [STDERR_REDIRECT] Feb 07, 2026 10:34:25 PM java.util.prefs.FileSystemPreferences syncWorld
2026-02-07 22:34:25,490 [ERROR] LogOutputStream:75 - [STDERR_REDIRECT] WARNING: Couldn't flush system prefs: java.util.prefs.BackingStoreException: Couldn't get file lock.
2026-02-07 22:34:25,490 [ERROR] LogOutputStream:75 - [STDERR_REDIRECT] 
2026-02-07 22:34:55,488 [ERROR] LogOutputStream:75 - [STDERR_REDIRECT] Feb 07, 2026 10:34:55 PM java.util.prefs.FileSystemPreferences checkLockFile0ErrorCode
2026-02-07 22:34:55,488 [ERROR] LogOutputStream:75 - [STDERR_REDIRECT] WARNING: Could not lock System prefs. Unix error code 2.
2026-02-07 22:34:55,488 [ERROR] LogOutputStream:75 - [STDERR_REDIRECT] 
2026-02-07 22:34:55,489 [ERROR] LogOutputStream:75 - [STDERR_REDIRECT] Feb 07, 2026 10:34:55 PM java.util.prefs.FileSystemPreferences syncWorld
2026-02-07 22:34:55,489 [ERROR] LogOutputStream:75 - [STDERR_REDIRECT] WARNING: Couldn't flush system prefs: java.util.prefs.BackingStoreException: Couldn't get file lock.
2026-02-07 22:34:55,489 [ERROR] LogOutputStream:75 - [STDERR_REDIRECT] 
2026-02-07 22:35:25,489 [ERROR] LogOutputStream:75 - [STDERR_REDIRECT] Feb 07, 2026 10:35:25 PM java.util.prefs.FileSystemPreferences checkLockFile0ErrorCode
2026-02-07 22:35:25,490 [ERROR] LogOutputStream:75 - [STDERR_REDIRECT] WARNING: Could not lock System prefs. Unix error code 2.
2026-02-07 22:35:25,490 [ERROR] LogOutputStream:75 - [STDERR_REDIRECT] 
2026-02-07 22:35:25,490 [ERROR] LogOutputStream:75 - [STDERR_REDIRECT] Feb 07, 2026 10:35:25 PM java.util.prefs.FileSystemPreferences syncWorld
2026-02-07 22:35:25,491 [ERROR] LogOutputStream:75 - [STDERR_REDIRECT] WARNING: Couldn't flush system prefs: java.util.prefs.BackingStoreException: Couldn't get file lock.
2026-02-07 22:35:25,491 [ERROR] LogOutputStream:75 - [STDERR_REDIRECT] 
2026-02-07 22:35:55,489 [ERROR] LogOutputStream:75 - [STDERR_REDIRECT] Feb 07, 2026 10:35:55 PM java.util.prefs.FileSystemPreferences checkLockFile0ErrorCode
2026-02-07 22:35:55,489 [ERROR] LogOutputStream:75 - [STDERR_REDIRECT] WARNING: Could not lock System prefs. Unix error code 2.
2026-02-07 22:35:55,489 [ERROR] LogOutputStream:75 - [STDERR_REDIRECT] 
2026-02-07 22:35:55,490 [ERROR] LogOutputStream:75 - [STDERR_REDIRECT] Feb 07, 2026 10:35:55 PM java.util.prefs.FileSystemPreferences syncWorld
2026-02-07 22:35:55,490 [ERROR] LogOutputStream:75 - [STDERR_REDIRECT] WARNING: Couldn't flush system prefs: java.util.prefs.BackingStoreException: Couldn't get file lock.
2026-02-07 22:35:55,490 [ERROR] LogOutputStream:75 - [STDERR_REDIRECT] 
2026-02-07 22:36:25,489 [ERROR] LogOutputStream:75 - [STDERR_REDIRECT] Feb 07, 2026 10:36:25 PM java.util.prefs.FileSystemPreferences checkLockFile0ErrorCode
2026-02-07 22:36:25,489 [ERROR] LogOutputStream:75 - [STDERR_REDIRECT] WARNING: Could not lock System prefs. Unix error code 2.
2026-02-07 22:36:25,489 [ERROR] LogOutputStream:75 - [STDERR_REDIRECT] 
2026-02-07 22:36:25,490 [ERROR] LogOutputStream:75 - [STDERR_REDIRECT] Feb 07, 2026 10:36:25 PM java.util.prefs.FileSystemPreferences syncWorld
2026-02-07 22:36:25,490 [ERROR] LogOutputStream:75 - [STDERR_REDIRECT] WARNING: Couldn't flush system prefs: java.util.prefs.BackingStoreException: Couldn't get file lock.
2026-02-07 22:36:25,490 [ERROR] LogOutputStream:75 - [STDERR_REDIRECT] 
2026-02-07 22:36:55,489 [ERROR] LogOutputStream:75 - [STDERR_REDIRECT] Feb 07, 2026 10:36:55 PM java.util.prefs.FileSystemPreferences checkLockFile0ErrorCode
2026-02-07 22:36:55,489 [ERROR] LogOutputStream:75 - [STDERR_REDIRECT] WARNING: Could not lock System prefs. Unix error code 2.
2026-02-07 22:36:55,489 [ERROR] LogOutputStream:75 - [STDERR_REDIRECT] 
2026-02-07 22:36:55,489 [ERROR] LogOutputStream:75 - [STDERR_REDIRECT] Feb 07, 2026 10:36:55 PM java.util.prefs.FileSystemPreferences syncWorld
2026-02-07 22:36:55,490 [ERROR] LogOutputStream:75 - [STDERR_REDIRECT] WARNING: Couldn't flush system prefs: java.util.prefs.BackingStoreException: Couldn't get file lock.
2026-02-07 22:36:55,490 [ERROR] LogOutputStream:75 - [STDERR_REDIRECT] 
2026-02-07 22:37:25,491 [ERROR] LogOutputStream:75 - [STDERR_REDIRECT] Feb 07, 2026 10:37:25 PM java.util.prefs.FileSystemPreferences checkLockFile0ErrorCode
2026-02-07 22:37:25,491 [ERROR] LogOutputStream:75 - [STDERR_REDIRECT] WARNING: Could not lock System prefs. Unix error code 2.
2026-02-07 22:37:25,491 [ERROR] LogOutputStream:75 - [STDERR_REDIRECT] 
2026-02-07 22:37:25,492 [ERROR] LogOutputStream:75 - [STDERR_REDIRECT] Feb 07, 2026 10:37:25 PM java.util.prefs.FileSystemPreferences syncWorld
2026-02-07 22:37:25,492 [ERROR] LogOutputStream:75 - [STDERR_REDIRECT] WARNING: Couldn't flush system prefs: java.util.prefs.BackingStoreException: Couldn't get file lock.
2026-02-07 22:37:25,492 [ERROR] LogOutputStream:75 - [STDERR_REDIRECT] 
2026-02-07 22:37:55,490 [ERROR] LogOutputStream:75 - [STDERR_REDIRECT] Feb 07, 2026 10:37:55 PM java.util.prefs.FileSystemPreferences checkLockFile0ErrorCode
2026-02-07 22:37:55,490 [ERROR] LogOutputStream:75 - [STDERR_REDIRECT] WARNING: Could not lock System prefs. Unix error code 2.
2026-02-07 22:37:55,490 [ERROR] LogOutputStream:75 - [STDERR_REDIRECT] 
2026-02-07 22:37:55,490 [ERROR] LogOutputStream:75 - [STDERR_REDIRECT] Feb 07, 2026 10:37:55 PM java.util.prefs.FileSystemPreferences syncWorld
2026-02-07 22:37:55,491 [ERROR] LogOutputStream:75 - [STDERR_REDIRECT] WARNING: Couldn't flush system prefs: java.util.prefs.BackingStoreException: Couldn't get file lock.
2026-02-07 22:37:55,491 [ERROR] LogOutputStream:75 - [STDERR_REDIRECT] 
2026-02-07 22:38:25,491 [ERROR] LogOutputStream:75 - [STDERR_REDIRECT] Feb 07, 2026 10:38:25 PM java.util.prefs.FileSystemPreferences checkLockFile0ErrorCode
2026-02-07 22:38:25,492 [ERROR] LogOutputStream:75 - [STDERR_REDIRECT] WARNING: Could not lock System prefs. Unix error code 2.
2026-02-07 22:38:25,492 [ERROR] LogOutputStream:75 - [STDERR_REDIRECT] 
2026-02-07 22:38:25,493 [ERROR] LogOutputStream:75 - [STDERR_REDIRECT] Feb 07, 2026 10:38:25 PM java.util.prefs.FileSystemPreferences syncWorld
2026-02-07 22:38:25,493 [ERROR] LogOutputStream:75 - [STDERR_REDIRECT] WARNING: Couldn't flush system prefs: java.util.prefs.BackingStoreException: Couldn't get file lock.
2026-02-07 22:38:25,493 [ERROR] LogOutputStream:75 - [STDERR_REDIRECT] 
2026-02-07 22:38:55,490 [ERROR] LogOutputStream:75 - [STDERR_REDIRECT] Feb 07, 2026 10:38:55 PM java.util.prefs.FileSystemPreferences checkLockFile0ErrorCode
2026-02-07 22:38:55,490 [ERROR] LogOutputStream:75 - [STDERR_REDIRECT] WARNING: Could not lock System prefs. Unix error code 2.
2026-02-07 22:38:55,490 [ERROR] LogOutputStream:75 - [STDERR_REDIRECT] 
2026-02-07 22:38:55,491 [ERROR] LogOutputStream:75 - [STDERR_REDIRECT] Feb 07, 2026 10:38:55 PM java.util.prefs.FileSystemPreferences syncWorld
2026-02-07 22:38:55,491 [ERROR] LogOutputStream:75 - [STDERR_REDIRECT] WARNING: Couldn't flush system prefs: java.util.prefs.BackingStoreException: Couldn't get file lock.
2026-02-07 22:38:55,491 [ERROR] LogOutputStream:75 - [STDERR_REDIRECT] 
2026-02-07 22:39:25,490 [ERROR] LogOutputStream:75 - [STDERR_REDIRECT] Feb 07, 2026 10:39:25 PM java.util.prefs.FileSystemPreferences checkLockFile0ErrorCode
2026-02-07 22:39:25,490 [ERROR] LogOutputStream:75 - [STDERR_REDIRECT] WARNING: Could not lock System prefs. Unix error code 2.
2026-02-07 22:39:25,491 [ERROR] LogOutputStream:75 - [STDERR_REDIRECT] 
2026-02-07 22:39:25,491 [ERROR] LogOutputStream:75 - [STDERR_REDIRECT] Feb 07, 2026 10:39:25 PM java.util.prefs.FileSystemPreferences syncWorld
2026-02-07 22:39:25,491 [ERROR] LogOutputStream:75 - [STDERR_REDIRECT] WARNING: Couldn't flush system prefs: java.util.prefs.BackingStoreException: Couldn't get file lock.
2026-02-07 22:39:25,491 [ERROR] LogOutputStream:75 - [STDERR_REDIRECT] 
2026-02-07 22:39:55,491 [ERROR] LogOutputStream:75 - [STDERR_REDIRECT] Feb 07, 2026 10:39:55 PM java.util.prefs.FileSystemPreferences checkLockFile0ErrorCode
2026-02-07 22:39:55,491 [ERROR] LogOutputStream:75 - [STDERR_REDIRECT] WARNING: Could not lock System prefs. Unix error code 2.
2026-02-07 22:39:55,491 [ERROR] LogOutputStream:75 - [STDERR_REDIRECT] 
2026-02-07 22:39:55,492 [ERROR] LogOutputStream:75 - [STDERR_REDIRECT] Feb 07, 2026 10:39:55 PM java.util.prefs.FileSystemPreferences syncWorld
2026-02-07 22:39:55,492 [ERROR] LogOutputStream:75 - [STDERR_REDIRECT] WARNING: Couldn't flush system prefs: java.util.prefs.BackingStoreException: Couldn't get file lock.
2026-02-07 22:39:55,492 [ERROR] LogOutputStream:75 - [STDERR_REDIRECT] 
2026-02-07 22:40:25,491 [ERROR] LogOutputStream:75 - [STDERR_REDIRECT] Feb 07, 2026 10:40:25 PM java.util.prefs.FileSystemPreferences checkLockFile0ErrorCode
2026-02-07 22:40:25,491 [ERROR] LogOutputStream:75 - [STDERR_REDIRECT] WARNING: Could not lock System prefs. Unix error code 2.
2026-02-07 22:40:25,492 [ERROR] LogOutputStream:75 - [STDERR_REDIRECT] 
2026-02-07 22:40:25,492 [ERROR] LogOutputStream:75 - [STDERR_REDIRECT] Feb 07, 2026 10:40:25 PM java.util.prefs.FileSystemPreferences syncWorld
2026-02-07 22:40:25,492 [ERROR] LogOutputStream:75 - [STDERR_REDIRECT] WARNING: Couldn't flush system prefs: java.util.prefs.BackingStoreException: Couldn't get file lock.
2026-02-07 22:40:25,492 [ERROR] LogOutputStream:75 - [STDERR_REDIRECT] 
2026-02-07 22:40:43,203 [INFO] WebApp:194 - Connection lost
2026-02-07 22:40:43,537 [INFO] WebApp:191 - Connection restablished
2026-02-07 22:40:55,492 [ERROR] LogOutputStream:75 - [STDERR_REDIRECT] Feb 07, 2026 10:40:55 PM java.util.prefs.FileSystemPreferences checkLockFile0ErrorCode
2026-02-07 22:40:55,492 [ERROR] LogOutputStream:75 - [STDERR_REDIRECT] WARNING: Could not lock System prefs. Unix error code 2.
2026-02-07 22:40:55,492 [ERROR] LogOutputStream:75 - [STDERR_REDIRECT] 
2026-02-07 22:40:55,493 [ERROR] LogOutputStream:75 - [STDERR_REDIRECT] Feb 07, 2026 10:40:55 PM java.util.prefs.FileSystemPreferences syncWorld
2026-02-07 22:40:55,493 [ERROR] LogOutputStream:75 - [STDERR_REDIRECT] WARNING: Couldn't flush system prefs: java.util.prefs.BackingStoreException: Couldn't get file lock.
2026-02-07 22:40:55,493 [ERROR] LogOutputStream:75 - [STDERR_REDIRECT] 
2026-02-07 22:41:25,491 [ERROR] LogOutputStream:75 - [STDERR_REDIRECT] Feb 07, 2026 10:41:25 PM java.util.prefs.FileSystemPreferences checkLockFile0ErrorCode
2026-02-07 22:41:25,491 [ERROR] LogOutputStream:75 - [STDERR_REDIRECT] WARNING: Could not lock System prefs. Unix error code 2.
2026-02-07 22:41:25,491 [ERROR] LogOutputStream:75 - [STDERR_REDIRECT] 
2026-02-07 22:41:25,492 [ERROR] LogOutputStream:75 - [STDERR_REDIRECT] Feb 07, 2026 10:41:25 PM java.util.prefs.FileSystemPreferences syncWorld
2026-02-07 22:41:25,492 [ERROR] LogOutputStream:75 - [STDERR_REDIRECT] WARNING: Couldn't flush system prefs: java.util.prefs.BackingStoreException: Couldn't get file lock.
2026-02-07 22:41:25,492 [ERROR] LogOutputStream:75 - [STDERR_REDIRECT] 
2026-02-07 22:41:52,002 [INFO] WebApp:194 - Connection lost
2026-02-07 22:41:52,640 [INFO] WebApp:191 - Connection restablished
2026-02-07 22:41:55,490 [ERROR] LogOutputStream:75 - [STDERR_REDIRECT] Feb 07, 2026 10:41:55 PM java.util.prefs.FileSystemPreferences checkLockFile0ErrorCode
2026-02-07 22:41:55,491 [ERROR] LogOutputStream:75 - [STDERR_REDIRECT] WARNING: Could not lock System prefs. Unix error code 2.
2026-02-07 22:41:55,491 [ERROR] LogOutputStream:75 - [STDERR_REDIRECT] 
2026-02-07 22:41:55,491 [ERROR] LogOutputStream:75 - [STDERR_REDIRECT] Feb 07, 2026 10:41:55 PM java.util.prefs.FileSystemPreferences syncWorld
2026-02-07 22:41:55,492 [ERROR] LogOutputStream:75 - [STDERR_REDIRECT] WARNING: Couldn't flush system prefs: java.util.prefs.BackingStoreException: Couldn't get file lock.
2026-02-07 22:41:55,492 [ERROR] LogOutputStream:75 - [STDERR_REDIRECT] 
2026-02-07 22:42:25,491 [ERROR] LogOutputStream:75 - [STDERR_REDIRECT] Feb 07, 2026 10:42:25 PM java.util.prefs.FileSystemPreferences checkLockFile0ErrorCode
2026-02-07 22:42:25,492 [ERROR] LogOutputStream:75 - [STDERR_REDIRECT] WARNING: Could not lock System prefs. Unix error code 2.
2026-02-07 22:42:25,492 [ERROR] LogOutputStream:75 - [STDERR_REDIRECT] 
2026-02-07 22:42:25,492 [ERROR] LogOutputStream:75 - [STDERR_REDIRECT] Feb 07, 2026 10:42:25 PM java.util.prefs.FileSystemPreferences syncWorld
2026-02-07 22:42:25,492 [ERROR] LogOutputStream:75 - [STDERR_REDIRECT] WARNING: Couldn't flush system prefs: java.util.prefs.BackingStoreException: Couldn't get file lock.
2026-02-07 22:42:25,492 [ERROR] LogOutputStream:75 - [STDERR_REDIRECT] 
2026-02-07 22:42:55,492 [ERROR] LogOutputStream:75 - [STDERR_REDIRECT] Feb 07, 2026 10:42:55 PM java.util.prefs.FileSystemPreferences checkLockFile0ErrorCode
2026-02-07 22:42:55,492 [ERROR] LogOutputStream:75 - [STDERR_REDIRECT] WARNING: Could not lock System prefs. Unix error code 2.
2026-02-07 22:42:55,492 [ERROR] LogOutputStream:75 - [STDERR_REDIRECT] 
2026-02-07 22:42:55,492 [ERROR] LogOutputStream:75 - [STDERR_REDIRECT] Feb 07, 2026 10:42:55 PM java.util.prefs.FileSystemPreferences syncWorld
2026-02-07 22:42:55,493 [ERROR] LogOutputStream:75 - [STDERR_REDIRECT] WARNING: Couldn't flush system prefs: java.util.prefs.BackingStoreException: Couldn't get file lock.
2026-02-07 22:42:55,493 [ERROR] LogOutputStream:75 - [STDERR_REDIRECT] 
2026-02-07 22:43:25,491 [ERROR] LogOutputStream:75 - [STDERR_REDIRECT] Feb 07, 2026 10:43:25 PM java.util.prefs.FileSystemPreferences checkLockFile0ErrorCode
2026-02-07 22:43:25,493 [ERROR] LogOutputStream:75 - [STDERR_REDIRECT] WARNING: Could not lock System prefs. Unix error code 2.
2026-02-07 22:43:25,493 [ERROR] LogOutputStream:75 - [STDERR_REDIRECT] 
2026-02-07 22:43:25,493 [ERROR] LogOutputStream:75 - [STDERR_REDIRECT] Feb 07, 2026 10:43:25 PM java.util.prefs.FileSystemPreferences syncWorld
2026-02-07 22:43:25,494 [ERROR] LogOutputStream:75 - [STDERR_REDIRECT] WARNING: Couldn't flush system prefs: java.util.prefs.BackingStoreException: Couldn't get file lock.
2026-02-07 22:43:25,494 [ERROR] LogOutputStream:75 - [STDERR_REDIRECT] 
2026-02-07 22:43:55,492 [ERROR] LogOutputStream:75 - [STDERR_REDIRECT] Feb 07, 2026 10:43:55 PM java.util.prefs.FileSystemPreferences checkLockFile0ErrorCode
2026-02-07 22:43:55,493 [ERROR] LogOutputStream:75 - [STDERR_REDIRECT] WARNING: Could not lock System prefs. Unix error code 2.
2026-02-07 22:43:55,493 [ERROR] LogOutputStream:75 - [STDERR_REDIRECT] 
2026-02-07 22:43:55,493 [ERROR] LogOutputStream:75 - [STDERR_REDIRECT] Feb 07, 2026 10:43:55 PM java.util.prefs.FileSystemPreferences syncWorld
2026-02-07 22:43:55,494 [ERROR] LogOutputStream:75 - [STDERR_REDIRECT] WARNING: Couldn't flush system prefs: java.util.prefs.BackingStoreException: Couldn't get file lock.
2026-02-07 22:43:55,494 [ERROR] LogOutputStream:75 - [STDERR_REDIRECT] 
2026-02-07 22:44:25,491 [ERROR] LogOutputStream:75 - [STDERR_REDIRECT] Feb 07, 2026 10:44:25 PM java.util.prefs.FileSystemPreferences checkLockFile0ErrorCode
2026-02-07 22:44:25,491 [ERROR] LogOutputStream:75 - [STDERR_REDIRECT] WARNING: Could not lock System prefs. Unix error code 2.
2026-02-07 22:44:25,492 [ERROR] LogOutputStream:75 - [STDERR_REDIRECT] 
2026-02-07 22:44:25,492 [ERROR] LogOutputStream:75 - [STDERR_REDIRECT] Feb 07, 2026 10:44:25 PM java.util.prefs.FileSystemPreferences syncWorld
2026-02-07 22:44:25,492 [ERROR] LogOutputStream:75 - [STDERR_REDIRECT] WARNING: Couldn't flush system prefs: java.util.prefs.BackingStoreException: Couldn't get file lock.
2026-02-07 22:44:25,492 [ERROR] LogOutputStream:75 - [STDERR_REDIRECT] 
2026-02-07 22:44:55,492 [ERROR] LogOutputStream:75 - [STDERR_REDIRECT] Feb 07, 2026 10:44:55 PM java.util.prefs.FileSystemPreferences checkLockFile0ErrorCode
2026-02-07 22:44:55,492 [ERROR] LogOutputStream:75 - [STDERR_REDIRECT] WARNING: Could not lock System prefs. Unix error code 2.
2026-02-07 22:44:55,492 [ERROR] LogOutputStream:75 - [STDERR_REDIRECT] 
2026-02-07 22:44:55,492 [ERROR] LogOutputStream:75 - [STDERR_REDIRECT] Feb 07, 2026 10:44:55 PM java.util.prefs.FileSystemPreferences syncWorld
2026-02-07 22:44:55,493 [ERROR] LogOutputStream:75 - [STDERR_REDIRECT] WARNING: Couldn't flush system prefs: java.util.prefs.BackingStoreException: Couldn't get file lock.
2026-02-07 22:44:55,493 [ERROR] LogOutputStream:75 - [STDERR_REDIRECT] 
2026-02-07 22:45:25,492 [ERROR] LogOutputStream:75 - [STDERR_REDIRECT] Feb 07, 2026 10:45:25 PM java.util.prefs.FileSystemPreferences checkLockFile0ErrorCode
2026-02-07 22:45:25,493 [ERROR] LogOutputStream:75 - [STDERR_REDIRECT] WARNING: Could not lock System prefs. Unix error code 2.
2026-02-07 22:45:25,493 [ERROR] LogOutputStream:75 - [STDERR_REDIRECT] 
2026-02-07 22:45:25,494 [ERROR] LogOutputStream:75 - [STDERR_REDIRECT] Feb 07, 2026 10:45:25 PM java.util.prefs.FileSystemPreferences syncWorld
2026-02-07 22:45:25,494 [ERROR] LogOutputStream:75 - [STDERR_REDIRECT] WARNING: Couldn't flush system prefs: java.util.prefs.BackingStoreException: Couldn't get file lock.
2026-02-07 22:45:25,494 [ERROR] LogOutputStream:75 - [STDERR_REDIRECT] 
2026-02-07 22:45:55,491 [ERROR] LogOutputStream:75 - [STDERR_REDIRECT] Feb 07, 2026 10:45:55 PM java.util.prefs.FileSystemPreferences checkLockFile0ErrorCode
2026-02-07 22:45:55,491 [ERROR] LogOutputStream:75 - [STDERR_REDIRECT] WARNING: Could not lock System prefs. Unix error code 2.
2026-02-07 22:45:55,491 [ERROR] LogOutputStream:75 - [STDERR_REDIRECT] 
2026-02-07 22:45:55,492 [ERROR] LogOutputStream:75 - [STDERR_REDIRECT] Feb 07, 2026 10:45:55 PM java.util.prefs.FileSystemPreferences syncWorld
2026-02-07 22:45:55,492 [ERROR] LogOutputStream:75 - [STDERR_REDIRECT] WARNING: Couldn't flush system prefs: java.util.prefs.BackingStoreException: Couldn't get file lock.
2026-02-07 22:45:55,492 [ERROR] LogOutputStream:75 - [STDERR_REDIRECT] 
2026-02-07 22:46:25,491 [ERROR] LogOutputStream:75 - [STDERR_REDIRECT] Feb 07, 2026 10:46:25 PM java.util.prefs.FileSystemPreferences checkLockFile0ErrorCode
2026-02-07 22:46:25,492 [ERROR] LogOutputStream:75 - [STDERR_REDIRECT] WARNING: Could not lock System prefs. Unix error code 2.
2026-02-07 22:46:25,492 [ERROR] LogOutputStream:75 - [STDERR_REDIRECT] 
2026-02-07 22:46:25,492 [ERROR] LogOutputStream:75 - [STDERR_REDIRECT] Feb 07, 2026 10:46:25 PM java.util.prefs.FileSystemPreferences syncWorld
2026-02-07 22:46:25,492 [ERROR] LogOutputStream:75 - [STDERR_REDIRECT] WARNING: Couldn't flush system prefs: java.util.prefs.BackingStoreException: Couldn't get file lock.
2026-02-07 22:46:25,492 [ERROR] LogOutputStream:75 - [STDERR_REDIRECT] 
2026-02-07 22:46:36,263 [INFO] EditThreadDialog:704 - RAM SIZE (in KB): 128
2026-02-07 22:46:36,264 [INFO] EditThreadDialog:706 - RAM SIZE (in words): 32768
2026-02-07 22:46:41,256 [INFO] TasksAndQueuesTab:757 - Dynamic
2026-02-07 22:46:41,256 [WARN] TasksAndQueuesTab:763 - 128 128
2026-02-07 22:46:41,257 [WARN] TasksAndQueuesTab:775 - max value is: 3840.0
2026-02-07 22:46:41,257 [INFO] TasksAndQueuesTab:757 - Dynamic
2026-02-07 22:46:41,257 [WARN] TasksAndQueuesTab:763 - 128 128
2026-02-07 22:46:41,257 [WARN] TasksAndQueuesTab:775 - max value is: 3840.0
2026-02-07 22:46:42,928 [INFO] UtilMem:75 - End SaveConfig() Used Memory: 739410632 Bytes (1000341504)
2026-02-07 22:46:44,627 [INFO] UtilMem:75 - End SaveConfig() Used Memory: 765364904 Bytes (1000341504)
2026-02-07 22:46:54,184 [INFO] UtilMem:75 - End SaveConfig() Used Memory: 489417840 Bytes (1000341504)
2026-02-07 22:46:55,015 [INFO] BlockDiagram:2775 - set Specific Code input for plugin: FREERTOS
2026-02-07 22:46:55,016 [INFO] BlockDiagram:2775 - set Specific Code input for plugin: CAN
2026-02-07 22:46:55,016 [INFO] BlockDiagram:2775 - set Specific Code input for plugin: SYS
2026-02-07 22:46:55,016 [INFO] BlockDiagram:2775 - set Specific Code input for plugin: RCC
2026-02-07 22:46:55,016 [INFO] BlockDiagram:2775 - set Specific Code input for plugin: NVIC
2026-02-07 22:46:55,016 [INFO] BlockDiagram:2775 - set Specific Code input for plugin: USART
2026-02-07 22:46:55,017 [INFO] BlockDiagram:2775 - set Specific Code input for plugin: GPIO
2026-02-07 22:46:55,018 [INFO] CodeGenerator:892 - code generatio: config db path: /opt/st/stm32cubeide_1.19.0/plugins/com.st.stm32cube.common.mx_6.15.0.202507011659//db/
2026-02-07 22:46:55,469 [INFO] CodeEngine:265 - oldGeneratedFile, /home/mahdlinux/STM32CubeIDE/T_SWE_2025_2026/Firmwares/Brakes_Controller_RTOS/MXTmpFiles/license.tmp_save
2026-02-07 22:46:55,497 [ERROR] LogOutputStream:75 - [STDERR_REDIRECT] Feb 07, 2026 10:46:55 PM java.util.prefs.FileSystemPreferences checkLockFile0ErrorCode
2026-02-07 22:46:55,497 [ERROR] LogOutputStream:75 - [STDERR_REDIRECT] WARNING: Could not lock System prefs. Unix error code 2.
2026-02-07 22:46:55,497 [ERROR] LogOutputStream:75 - [STDERR_REDIRECT] 
2026-02-07 22:46:55,498 [ERROR] LogOutputStream:75 - [STDERR_REDIRECT] Feb 07, 2026 10:46:55 PM java.util.prefs.FileSystemPreferences syncWorld
2026-02-07 22:46:55,498 [ERROR] LogOutputStream:75 - [STDERR_REDIRECT] WARNING: Couldn't flush system prefs: java.util.prefs.BackingStoreException: Couldn't get file lock.
2026-02-07 22:46:55,498 [ERROR] LogOutputStream:75 - [STDERR_REDIRECT] 
2026-02-07 22:46:56,075 [INFO] CodeEngine:289 - Generated code: /home/mahdlinux/STM32CubeIDE/T_SWE_2025_2026/Firmwares/Brakes_Controller_RTOS/MXTmpFiles/license.tmp
2026-02-07 22:46:56,188 [INFO] CodeEngine:265 - oldGeneratedFile, /home/mahdlinux/STM32CubeIDE/T_SWE_2025_2026/Firmwares/Brakes_Controller_RTOS/MXTmpFiles/gpio.tmp_save
2026-02-07 22:46:56,422 [INFO] CodeEngine:289 - Generated code: /home/mahdlinux/STM32CubeIDE/T_SWE_2025_2026/Firmwares/Brakes_Controller_RTOS/MXTmpFiles/gpio.tmp
2026-02-07 22:46:56,743 [INFO] Middleware:1452 - No code input for Bsp Dependency
2026-02-07 22:46:56,752 [INFO] CodeEngine:265 - oldGeneratedFile, /home/mahdlinux/STM32CubeIDE/T_SWE_2025_2026/Firmwares/Brakes_Controller_RTOS/MXTmpFiles/rtos_inc.tmp_save
2026-02-07 22:46:56,888 [INFO] CodeEngine:289 - Generated code: /home/mahdlinux/STM32CubeIDE/T_SWE_2025_2026/Firmwares/Brakes_Controller_RTOS/MXTmpFiles/rtos_inc.tmp
2026-02-07 22:46:56,893 [INFO] CodeEngine:265 - oldGeneratedFile, /home/mahdlinux/STM32CubeIDE/T_SWE_2025_2026/Firmwares/Brakes_Controller_RTOS/MXTmpFiles/rtos_kernelInit.tmp_save
2026-02-07 22:46:57,065 [INFO] CodeEngine:289 - Generated code: /home/mahdlinux/STM32CubeIDE/T_SWE_2025_2026/Firmwares/Brakes_Controller_RTOS/MXTmpFiles/rtos_kernelInit.tmp
2026-02-07 22:46:57,070 [INFO] CodeEngine:265 - oldGeneratedFile, /home/mahdlinux/STM32CubeIDE/T_SWE_2025_2026/Firmwares/Brakes_Controller_RTOS/MXTmpFiles/rtos_kernelStart.tmp_save
2026-02-07 22:46:57,191 [INFO] CodeEngine:289 - Generated code: /home/mahdlinux/STM32CubeIDE/T_SWE_2025_2026/Firmwares/Brakes_Controller_RTOS/MXTmpFiles/rtos_kernelStart.tmp
2026-02-07 22:46:57,197 [INFO] CodeEngine:265 - oldGeneratedFile, /home/mahdlinux/STM32CubeIDE/T_SWE_2025_2026/Firmwares/Brakes_Controller_RTOS/MXTmpFiles/rtos_typedefs.tmp_save
2026-02-07 22:46:57,332 [INFO] CodeEngine:289 - Generated code: /home/mahdlinux/STM32CubeIDE/T_SWE_2025_2026/Firmwares/Brakes_Controller_RTOS/MXTmpFiles/rtos_typedefs.tmp
2026-02-07 22:46:57,337 [INFO] CodeEngine:265 - oldGeneratedFile, /home/mahdlinux/STM32CubeIDE/T_SWE_2025_2026/Firmwares/Brakes_Controller_RTOS/MXTmpFiles/rtos_vars.tmp_save
2026-02-07 22:46:57,478 [INFO] CodeEngine:289 - Generated code: /home/mahdlinux/STM32CubeIDE/T_SWE_2025_2026/Firmwares/Brakes_Controller_RTOS/MXTmpFiles/rtos_vars.tmp
2026-02-07 22:46:57,483 [INFO] CodeEngine:265 - oldGeneratedFile, /home/mahdlinux/STM32CubeIDE/T_SWE_2025_2026/Firmwares/Brakes_Controller_RTOS/MXTmpFiles/rtos_pfp.tmp_save
2026-02-07 22:46:57,602 [INFO] CodeEngine:289 - Generated code: /home/mahdlinux/STM32CubeIDE/T_SWE_2025_2026/Firmwares/Brakes_Controller_RTOS/MXTmpFiles/rtos_pfp.tmp
2026-02-07 22:46:57,606 [INFO] CodeEngine:265 - oldGeneratedFile, /home/mahdlinux/STM32CubeIDE/T_SWE_2025_2026/Firmwares/Brakes_Controller_RTOS/MXTmpFiles/rtos_obj_creat.tmp_save
2026-02-07 22:46:57,739 [INFO] CodeEngine:289 - Generated code: /home/mahdlinux/STM32CubeIDE/T_SWE_2025_2026/Firmwares/Brakes_Controller_RTOS/MXTmpFiles/rtos_obj_creat.tmp
2026-02-07 22:46:57,744 [INFO] CodeEngine:265 - oldGeneratedFile, /home/mahdlinux/STM32CubeIDE/T_SWE_2025_2026/Firmwares/Brakes_Controller_RTOS/MXTmpFiles/rtos_default_thread.tmp_save
2026-02-07 22:46:57,876 [INFO] CodeEngine:289 - Generated code: /home/mahdlinux/STM32CubeIDE/T_SWE_2025_2026/Firmwares/Brakes_Controller_RTOS/MXTmpFiles/rtos_default_thread.tmp
2026-02-07 22:46:57,880 [INFO] CodeEngine:265 - oldGeneratedFile, /home/mahdlinux/STM32CubeIDE/T_SWE_2025_2026/Firmwares/Brakes_Controller_RTOS/MXTmpFiles/rtos_threads.tmp_save
2026-02-07 22:46:57,995 [INFO] CodeEngine:289 - Generated code: /home/mahdlinux/STM32CubeIDE/T_SWE_2025_2026/Firmwares/Brakes_Controller_RTOS/MXTmpFiles/rtos_threads.tmp
2026-02-07 22:46:58,057 [INFO] Middleware:1452 - No code input for Bsp Dependency
2026-02-07 22:46:58,064 [INFO] CodeEngine:265 - oldGeneratedFile, /home/mahdlinux/STM32CubeIDE/T_SWE_2025_2026/Firmwares/Brakes_Controller_RTOS/MXTmpFiles/rtos_inc.tmp_save
2026-02-07 22:46:58,180 [INFO] CodeEngine:289 - Generated code: /home/mahdlinux/STM32CubeIDE/T_SWE_2025_2026/Firmwares/Brakes_Controller_RTOS/MXTmpFiles/rtos_inc.tmp
2026-02-07 22:46:58,182 [INFO] CodeEngine:265 - oldGeneratedFile, /home/mahdlinux/STM32CubeIDE/T_SWE_2025_2026/Firmwares/Brakes_Controller_RTOS/MXTmpFiles/rtos_kernelInit.tmp_save
2026-02-07 22:46:58,296 [INFO] CodeEngine:289 - Generated code: /home/mahdlinux/STM32CubeIDE/T_SWE_2025_2026/Firmwares/Brakes_Controller_RTOS/MXTmpFiles/rtos_kernelInit.tmp
2026-02-07 22:46:58,299 [INFO] CodeEngine:265 - oldGeneratedFile, /home/mahdlinux/STM32CubeIDE/T_SWE_2025_2026/Firmwares/Brakes_Controller_RTOS/MXTmpFiles/rtos_kernelStart.tmp_save
2026-02-07 22:46:58,410 [INFO] CodeEngine:289 - Generated code: /home/mahdlinux/STM32CubeIDE/T_SWE_2025_2026/Firmwares/Brakes_Controller_RTOS/MXTmpFiles/rtos_kernelStart.tmp
2026-02-07 22:46:58,413 [INFO] CodeEngine:265 - oldGeneratedFile, /home/mahdlinux/STM32CubeIDE/T_SWE_2025_2026/Firmwares/Brakes_Controller_RTOS/MXTmpFiles/rtos_typedefs.tmp_save
2026-02-07 22:46:58,529 [INFO] CodeEngine:289 - Generated code: /home/mahdlinux/STM32CubeIDE/T_SWE_2025_2026/Firmwares/Brakes_Controller_RTOS/MXTmpFiles/rtos_typedefs.tmp
2026-02-07 22:46:58,531 [INFO] CodeEngine:265 - oldGeneratedFile, /home/mahdlinux/STM32CubeIDE/T_SWE_2025_2026/Firmwares/Brakes_Controller_RTOS/MXTmpFiles/rtos_vars.tmp_save
2026-02-07 22:46:58,650 [INFO] CodeEngine:289 - Generated code: /home/mahdlinux/STM32CubeIDE/T_SWE_2025_2026/Firmwares/Brakes_Controller_RTOS/MXTmpFiles/rtos_vars.tmp
2026-02-07 22:46:58,653 [INFO] CodeEngine:265 - oldGeneratedFile, /home/mahdlinux/STM32CubeIDE/T_SWE_2025_2026/Firmwares/Brakes_Controller_RTOS/MXTmpFiles/rtos_pfp.tmp_save
2026-02-07 22:46:58,765 [INFO] CodeEngine:289 - Generated code: /home/mahdlinux/STM32CubeIDE/T_SWE_2025_2026/Firmwares/Brakes_Controller_RTOS/MXTmpFiles/rtos_pfp.tmp
2026-02-07 22:46:58,768 [INFO] CodeEngine:265 - oldGeneratedFile, /home/mahdlinux/STM32CubeIDE/T_SWE_2025_2026/Firmwares/Brakes_Controller_RTOS/MXTmpFiles/rtos_obj_creat.tmp_save
2026-02-07 22:46:58,884 [INFO] CodeEngine:289 - Generated code: /home/mahdlinux/STM32CubeIDE/T_SWE_2025_2026/Firmwares/Brakes_Controller_RTOS/MXTmpFiles/rtos_obj_creat.tmp
2026-02-07 22:46:58,887 [INFO] CodeEngine:265 - oldGeneratedFile, /home/mahdlinux/STM32CubeIDE/T_SWE_2025_2026/Firmwares/Brakes_Controller_RTOS/MXTmpFiles/rtos_default_thread.tmp_save
2026-02-07 22:46:59,000 [INFO] CodeEngine:289 - Generated code: /home/mahdlinux/STM32CubeIDE/T_SWE_2025_2026/Firmwares/Brakes_Controller_RTOS/MXTmpFiles/rtos_default_thread.tmp
2026-02-07 22:46:59,002 [INFO] CodeEngine:265 - oldGeneratedFile, /home/mahdlinux/STM32CubeIDE/T_SWE_2025_2026/Firmwares/Brakes_Controller_RTOS/MXTmpFiles/rtos_threads.tmp_save
2026-02-07 22:46:59,115 [INFO] CodeEngine:289 - Generated code: /home/mahdlinux/STM32CubeIDE/T_SWE_2025_2026/Firmwares/Brakes_Controller_RTOS/MXTmpFiles/rtos_threads.tmp
2026-02-07 22:46:59,118 [INFO] CodeEngine:265 - oldGeneratedFile, /home/mahdlinux/STM32CubeIDE/T_SWE_2025_2026/Firmwares/Brakes_Controller_RTOS/Core/Inc/FreeRTOSConfig.h_save
2026-02-07 22:46:59,268 [INFO] CodeEngine:289 - Generated code: /home/mahdlinux/STM32CubeIDE/T_SWE_2025_2026/Firmwares/Brakes_Controller_RTOS/Core/Inc/FreeRTOSConfig.h
2026-02-07 22:46:59,271 [INFO] CodeEngine:265 - oldGeneratedFile, /home/mahdlinux/STM32CubeIDE/T_SWE_2025_2026/Firmwares/Brakes_Controller_RTOS/Core/Src/freertos.c_save
2026-02-07 22:46:59,390 [INFO] CodeEngine:289 - Generated code: /home/mahdlinux/STM32CubeIDE/T_SWE_2025_2026/Firmwares/Brakes_Controller_RTOS/Core/Src/freertos.c
2026-02-07 22:46:59,403 [INFO] CodeEngine:265 - oldGeneratedFile, /home/mahdlinux/STM32CubeIDE/T_SWE_2025_2026/Firmwares/Brakes_Controller_RTOS/Core/Src/stm32f4xx_it.c_save
2026-02-07 22:46:59,575 [INFO] CodeEngine:289 - Generated code: /home/mahdlinux/STM32CubeIDE/T_SWE_2025_2026/Firmwares/Brakes_Controller_RTOS/Core/Src/stm32f4xx_it.c
2026-02-07 22:46:59,578 [INFO] CodeEngine:265 - oldGeneratedFile, /home/mahdlinux/STM32CubeIDE/T_SWE_2025_2026/Firmwares/Brakes_Controller_RTOS/Core/Inc/stm32f4xx_it.h_save
2026-02-07 22:46:59,692 [INFO] CodeEngine:289 - Generated code: /home/mahdlinux/STM32CubeIDE/T_SWE_2025_2026/Firmwares/Brakes_Controller_RTOS/Core/Inc/stm32f4xx_it.h
2026-02-07 22:46:59,706 [INFO] CodeEngine:265 - oldGeneratedFile, /home/mahdlinux/STM32CubeIDE/T_SWE_2025_2026/Firmwares/Brakes_Controller_RTOS/Core/Src/stm32f4xx_hal_msp.c_save
2026-02-07 22:46:59,912 [INFO] CodeEngine:289 - Generated code: /home/mahdlinux/STM32CubeIDE/T_SWE_2025_2026/Firmwares/Brakes_Controller_RTOS/Core/Src/stm32f4xx_hal_msp.c
2026-02-07 22:46:59,915 [INFO] CodeEngine:265 - oldGeneratedFile, /home/mahdlinux/STM32CubeIDE/T_SWE_2025_2026/Firmwares/Brakes_Controller_RTOS/MXTmpFiles/system.tmp_save
2026-02-07 22:47:00,029 [INFO] CodeEngine:289 - Generated code: /home/mahdlinux/STM32CubeIDE/T_SWE_2025_2026/Firmwares/Brakes_Controller_RTOS/MXTmpFiles/system.tmp
2026-02-07 22:47:00,034 [INFO] CodeEngine:265 - oldGeneratedFile, /home/mahdlinux/STM32CubeIDE/T_SWE_2025_2026/Firmwares/Brakes_Controller_RTOS/Core/Src/stm32f4xx_hal_timebase_tim.c_save
2026-02-07 22:47:00,156 [INFO] CodeEngine:289 - Generated code: /home/mahdlinux/STM32CubeIDE/T_SWE_2025_2026/Firmwares/Brakes_Controller_RTOS/Core/Src/stm32f4xx_hal_timebase_tim.c
2026-02-07 22:47:00,163 [INFO] CodeEngine:321 - oldGeneratedFile, /home/mahdlinux/STM32CubeIDE/T_SWE_2025_2026/Firmwares/Brakes_Controller_RTOS/Core/Inc/stm32f4xx_hal_conf.h_save
2026-02-07 22:47:00,290 [INFO] CodeEngine:345 - Generated code: /home/mahdlinux/STM32CubeIDE/T_SWE_2025_2026/Firmwares/Brakes_Controller_RTOS/Core/Inc/stm32f4xx_hal_conf.h
2026-02-07 22:47:00,322 [WARN] IPConfigManager:3238 - Warning: the RefConfig PLL2P_FOR_MCO is not available in your config.xml file
2026-02-07 22:47:00,334 [INFO] ApiDbMcu:532 - Load IP Config File for CAN1
2026-02-07 22:47:00,339 [INFO] ApiDbMcu:532 - Load IP Config File for USART2
2026-02-07 22:47:00,345 [INFO] ApiDbMcu:532 - Load IP Config File for RCC
2026-02-07 22:47:00,356 [INFO] CodeEngine:265 - oldGeneratedFile, /home/mahdlinux/STM32CubeIDE/T_SWE_2025_2026/Firmwares/Brakes_Controller_RTOS/Core/Inc/main.h_save
2026-02-07 22:47:00,510 [INFO] CodeEngine:289 - Generated code: /home/mahdlinux/STM32CubeIDE/T_SWE_2025_2026/Firmwares/Brakes_Controller_RTOS/Core/Inc/main.h
2026-02-07 22:47:00,514 [INFO] CodeEngine:265 - oldGeneratedFile, /home/mahdlinux/STM32CubeIDE/T_SWE_2025_2026/Firmwares/Brakes_Controller_RTOS/Core/Src/main.c_save
2026-02-07 22:47:00,762 [INFO] CodeEngine:289 - Generated code: /home/mahdlinux/STM32CubeIDE/T_SWE_2025_2026/Firmwares/Brakes_Controller_RTOS/Core/Src/main.c
2026-02-07 22:47:01,289 [INFO] ProjectBuilder:3606 - Time for Copy HAL[1] : 117mS.
2026-02-07 22:47:01,296 [INFO] ProjectBuilder:5216 - Project Generator version: 4.7.0-B52
2026-02-07 22:47:01,418 [INFO] ConfigFileManager:1595 - The Die is : DIE421
2026-02-07 22:47:01,426 [INFO] ApiDbMcu:532 - Load IP Config File for FATFS
2026-02-07 22:47:01,428 [INFO] ApiDbMcu:532 - Load IP Config File for LIBJPEG
2026-02-07 22:47:01,436 [INFO] ApiDbMcu:532 - Load IP Config File for MBEDTLS
2026-02-07 22:47:01,447 [INFO] ApiDbMcu:532 - Load IP Config File for USB_DEVICE
2026-02-07 22:47:01,452 [INFO] ApiDbMcu:532 - Load IP Config File for USB_HOST
2026-02-07 22:47:01,932 [INFO] LogOutputStream:77 - [STDOUT_REDIRECT] 
2026-02-07 22:47:02,926 [INFO] ProjectBuilder:5496 - Time for Generating toolchain IDE Files: 1630mS.
2026-02-07 22:47:02,927 [INFO] ProjectBuilder:3463 - Time for Copy CMSIS : 1mS.
2026-02-07 22:47:02,930 [INFO] ProjectBuilder:3463 - Time for Copy CMSIS : 0mS.
2026-02-07 22:47:25,495 [ERROR] LogOutputStream:75 - [STDERR_REDIRECT] Feb 07, 2026 10:47:25 PM java.util.prefs.FileSystemPreferences checkLockFile0ErrorCode
2026-02-07 22:47:25,495 [ERROR] LogOutputStream:75 - [STDERR_REDIRECT] WARNING: Could not lock System prefs. Unix error code 2.
2026-02-07 22:47:25,495 [ERROR] LogOutputStream:75 - [STDERR_REDIRECT] 
2026-02-07 22:47:25,496 [ERROR] LogOutputStream:75 - [STDERR_REDIRECT] Feb 07, 2026 10:47:25 PM java.util.prefs.FileSystemPreferences syncWorld
2026-02-07 22:47:25,496 [ERROR] LogOutputStream:75 - [STDERR_REDIRECT] WARNING: Couldn't flush system prefs: java.util.prefs.BackingStoreException: Couldn't get file lock.
2026-02-07 22:47:25,496 [ERROR] LogOutputStream:75 - [STDERR_REDIRECT] 
2026-02-07 22:47:55,493 [ERROR] LogOutputStream:75 - [STDERR_REDIRECT] Feb 07, 2026 10:47:55 PM java.util.prefs.FileSystemPreferences checkLockFile0ErrorCode
2026-02-07 22:47:55,494 [ERROR] LogOutputStream:75 - [STDERR_REDIRECT] WARNING: Could not lock System prefs. Unix error code 2.
2026-02-07 22:47:55,494 [ERROR] LogOutputStream:75 - [STDERR_REDIRECT] 
2026-02-07 22:47:55,494 [ERROR] LogOutputStream:75 - [STDERR_REDIRECT] Feb 07, 2026 10:47:55 PM java.util.prefs.FileSystemPreferences syncWorld
2026-02-07 22:47:55,494 [ERROR] LogOutputStream:75 - [STDERR_REDIRECT] WARNING: Couldn't flush system prefs: java.util.prefs.BackingStoreException: Couldn't get file lock.
2026-02-07 22:47:55,495 [ERROR] LogOutputStream:75 - [STDERR_REDIRECT] 
2026-02-07 22:48:25,492 [ERROR] LogOutputStream:75 - [STDERR_REDIRECT] Feb 07, 2026 10:48:25 PM java.util.prefs.FileSystemPreferences checkLockFile0ErrorCode
2026-02-07 22:48:25,492 [ERROR] LogOutputStream:75 - [STDERR_REDIRECT] WARNING: Could not lock System prefs. Unix error code 2.
2026-02-07 22:48:25,493 [ERROR] LogOutputStream:75 - [STDERR_REDIRECT] 
2026-02-07 22:48:25,493 [ERROR] LogOutputStream:75 - [STDERR_REDIRECT] Feb 07, 2026 10:48:25 PM java.util.prefs.FileSystemPreferences syncWorld
2026-02-07 22:48:25,493 [ERROR] LogOutputStream:75 - [STDERR_REDIRECT] WARNING: Couldn't flush system prefs: java.util.prefs.BackingStoreException: Couldn't get file lock.
2026-02-07 22:48:25,493 [ERROR] LogOutputStream:75 - [STDERR_REDIRECT] 
2026-02-07 22:48:55,492 [ERROR] LogOutputStream:75 - [STDERR_REDIRECT] Feb 07, 2026 10:48:55 PM java.util.prefs.FileSystemPreferences checkLockFile0ErrorCode
2026-02-07 22:48:55,492 [ERROR] LogOutputStream:75 - [STDERR_REDIRECT] WARNING: Could not lock System prefs. Unix error code 2.
2026-02-07 22:48:55,492 [ERROR] LogOutputStream:75 - [STDERR_REDIRECT] 
2026-02-07 22:48:55,492 [ERROR] LogOutputStream:75 - [STDERR_REDIRECT] Feb 07, 2026 10:48:55 PM java.util.prefs.FileSystemPreferences syncWorld
2026-02-07 22:48:55,492 [ERROR] LogOutputStream:75 - [STDERR_REDIRECT] WARNING: Couldn't flush system prefs: java.util.prefs.BackingStoreException: Couldn't get file lock.
2026-02-07 22:48:55,493 [ERROR] LogOutputStream:75 - [STDERR_REDIRECT] 
2026-02-07 22:49:25,493 [ERROR] LogOutputStream:75 - [STDERR_REDIRECT] Feb 07, 2026 10:49:25 PM java.util.prefs.FileSystemPreferences checkLockFile0ErrorCode
2026-02-07 22:49:25,493 [ERROR] LogOutputStream:75 - [STDERR_REDIRECT] WARNING: Could not lock System prefs. Unix error code 2.
2026-02-07 22:49:25,493 [ERROR] LogOutputStream:75 - [STDERR_REDIRECT] 
2026-02-07 22:49:25,493 [ERROR] LogOutputStream:75 - [STDERR_REDIRECT] Feb 07, 2026 10:49:25 PM java.util.prefs.FileSystemPreferences syncWorld
2026-02-07 22:49:25,494 [ERROR] LogOutputStream:75 - [STDERR_REDIRECT] WARNING: Couldn't flush system prefs: java.util.prefs.BackingStoreException: Couldn't get file lock.
2026-02-07 22:49:25,494 [ERROR] LogOutputStream:75 - [STDERR_REDIRECT] 
2026-02-07 22:49:55,492 [ERROR] LogOutputStream:75 - [STDERR_REDIRECT] Feb 07, 2026 10:49:55 PM java.util.prefs.FileSystemPreferences checkLockFile0ErrorCode
2026-02-07 22:49:55,492 [ERROR] LogOutputStream:75 - [STDERR_REDIRECT] WARNING: Could not lock System prefs. Unix error code 2.
2026-02-07 22:49:55,492 [ERROR] LogOutputStream:75 - [STDERR_REDIRECT] 
2026-02-07 22:49:55,493 [ERROR] LogOutputStream:75 - [STDERR_REDIRECT] Feb 07, 2026 10:49:55 PM java.util.prefs.FileSystemPreferences syncWorld
2026-02-07 22:49:55,493 [ERROR] LogOutputStream:75 - [STDERR_REDIRECT] WARNING: Couldn't flush system prefs: java.util.prefs.BackingStoreException: Couldn't get file lock.
2026-02-07 22:49:55,493 [ERROR] LogOutputStream:75 - [STDERR_REDIRECT] 
2026-02-07 22:50:25,492 [ERROR] LogOutputStream:75 - [STDERR_REDIRECT] Feb 07, 2026 10:50:25 PM java.util.prefs.FileSystemPreferences checkLockFile0ErrorCode
2026-02-07 22:50:25,492 [ERROR] LogOutputStream:75 - [STDERR_REDIRECT] WARNING: Could not lock System prefs. Unix error code 2.
2026-02-07 22:50:25,493 [ERROR] LogOutputStream:75 - [STDERR_REDIRECT] 
2026-02-07 22:50:25,493 [ERROR] LogOutputStream:75 - [STDERR_REDIRECT] Feb 07, 2026 10:50:25 PM java.util.prefs.FileSystemPreferences syncWorld
2026-02-07 22:50:25,493 [ERROR] LogOutputStream:75 - [STDERR_REDIRECT] WARNING: Couldn't flush system prefs: java.util.prefs.BackingStoreException: Couldn't get file lock.
2026-02-07 22:50:25,493 [ERROR] LogOutputStream:75 - [STDERR_REDIRECT] 
2026-02-07 22:50:55,493 [ERROR] LogOutputStream:75 - [STDERR_REDIRECT] Feb 07, 2026 10:50:55 PM java.util.prefs.FileSystemPreferences checkLockFile0ErrorCode
2026-02-07 22:50:55,494 [ERROR] LogOutputStream:75 - [STDERR_REDIRECT] WARNING: Could not lock System prefs. Unix error code 2.
2026-02-07 22:50:55,494 [ERROR] LogOutputStream:75 - [STDERR_REDIRECT] 
2026-02-07 22:50:55,494 [ERROR] LogOutputStream:75 - [STDERR_REDIRECT] Feb 07, 2026 10:50:55 PM java.util.prefs.FileSystemPreferences syncWorld
2026-02-07 22:50:55,494 [ERROR] LogOutputStream:75 - [STDERR_REDIRECT] WARNING: Couldn't flush system prefs: java.util.prefs.BackingStoreException: Couldn't get file lock.
2026-02-07 22:50:55,494 [ERROR] LogOutputStream:75 - [STDERR_REDIRECT] 
2026-02-07 22:51:25,493 [ERROR] LogOutputStream:75 - [STDERR_REDIRECT] Feb 07, 2026 10:51:25 PM java.util.prefs.FileSystemPreferences checkLockFile0ErrorCode
2026-02-07 22:51:25,493 [ERROR] LogOutputStream:75 - [STDERR_REDIRECT] WARNING: Could not lock System prefs. Unix error code 2.
2026-02-07 22:51:25,494 [ERROR] LogOutputStream:75 - [STDERR_REDIRECT] 
2026-02-07 22:51:25,494 [ERROR] LogOutputStream:75 - [STDERR_REDIRECT] Feb 07, 2026 10:51:25 PM java.util.prefs.FileSystemPreferences syncWorld
2026-02-07 22:51:25,494 [ERROR] LogOutputStream:75 - [STDERR_REDIRECT] WARNING: Couldn't flush system prefs: java.util.prefs.BackingStoreException: Couldn't get file lock.
2026-02-07 22:51:25,494 [ERROR] LogOutputStream:75 - [STDERR_REDIRECT] 
2026-02-07 22:51:55,493 [ERROR] LogOutputStream:75 - [STDERR_REDIRECT] Feb 07, 2026 10:51:55 PM java.util.prefs.FileSystemPreferences checkLockFile0ErrorCode
2026-02-07 22:51:55,493 [ERROR] LogOutputStream:75 - [STDERR_REDIRECT] WARNING: Could not lock System prefs. Unix error code 2.
2026-02-07 22:51:55,493 [ERROR] LogOutputStream:75 - [STDERR_REDIRECT] 
2026-02-07 22:51:55,494 [ERROR] LogOutputStream:75 - [STDERR_REDIRECT] Feb 07, 2026 10:51:55 PM java.util.prefs.FileSystemPreferences syncWorld
2026-02-07 22:51:55,494 [ERROR] LogOutputStream:75 - [STDERR_REDIRECT] WARNING: Couldn't flush system prefs: java.util.prefs.BackingStoreException: Couldn't get file lock.
2026-02-07 22:51:55,494 [ERROR] LogOutputStream:75 - [STDERR_REDIRECT] 
2026-02-07 22:52:25,494 [ERROR] LogOutputStream:75 - [STDERR_REDIRECT] Feb 07, 2026 10:52:25 PM java.util.prefs.FileSystemPreferences checkLockFile0ErrorCode
2026-02-07 22:52:25,495 [ERROR] LogOutputStream:75 - [STDERR_REDIRECT] WARNING: Could not lock System prefs. Unix error code 2.
2026-02-07 22:52:25,495 [ERROR] LogOutputStream:75 - [STDERR_REDIRECT] 
2026-02-07 22:52:25,495 [ERROR] LogOutputStream:75 - [STDERR_REDIRECT] Feb 07, 2026 10:52:25 PM java.util.prefs.FileSystemPreferences syncWorld
2026-02-07 22:52:25,495 [ERROR] LogOutputStream:75 - [STDERR_REDIRECT] WARNING: Couldn't flush system prefs: java.util.prefs.BackingStoreException: Couldn't get file lock.
2026-02-07 22:52:25,496 [ERROR] LogOutputStream:75 - [STDERR_REDIRECT] 
2026-02-07 22:52:55,493 [ERROR] LogOutputStream:75 - [STDERR_REDIRECT] Feb 07, 2026 10:52:55 PM java.util.prefs.FileSystemPreferences checkLockFile0ErrorCode
2026-02-07 22:52:55,493 [ERROR] LogOutputStream:75 - [STDERR_REDIRECT] WARNING: Could not lock System prefs. Unix error code 2.
2026-02-07 22:52:55,493 [ERROR] LogOutputStream:75 - [STDERR_REDIRECT] 
2026-02-07 22:52:55,494 [ERROR] LogOutputStream:75 - [STDERR_REDIRECT] Feb 07, 2026 10:52:55 PM java.util.prefs.FileSystemPreferences syncWorld
2026-02-07 22:52:55,494 [ERROR] LogOutputStream:75 - [STDERR_REDIRECT] WARNING: Couldn't flush system prefs: java.util.prefs.BackingStoreException: Couldn't get file lock.
2026-02-07 22:52:55,494 [ERROR] LogOutputStream:75 - [STDERR_REDIRECT] 
2026-02-07 22:53:25,493 [ERROR] LogOutputStream:75 - [STDERR_REDIRECT] Feb 07, 2026 10:53:25 PM java.util.prefs.FileSystemPreferences checkLockFile0ErrorCode
2026-02-07 22:53:25,493 [ERROR] LogOutputStream:75 - [STDERR_REDIRECT] WARNING: Could not lock System prefs. Unix error code 2.
2026-02-07 22:53:25,493 [ERROR] LogOutputStream:75 - [STDERR_REDIRECT] 
2026-02-07 22:53:25,494 [ERROR] LogOutputStream:75 - [STDERR_REDIRECT] Feb 07, 2026 10:53:25 PM java.util.prefs.FileSystemPreferences syncWorld
2026-02-07 22:53:25,494 [ERROR] LogOutputStream:75 - [STDERR_REDIRECT] WARNING: Couldn't flush system prefs: java.util.prefs.BackingStoreException: Couldn't get file lock.
2026-02-07 22:53:25,494 [ERROR] LogOutputStream:75 - [STDERR_REDIRECT] 
2026-02-07 22:53:55,494 [ERROR] LogOutputStream:75 - [STDERR_REDIRECT] Feb 07, 2026 10:53:55 PM java.util.prefs.FileSystemPreferences checkLockFile0ErrorCode
2026-02-07 22:53:55,494 [ERROR] LogOutputStream:75 - [STDERR_REDIRECT] WARNING: Could not lock System prefs. Unix error code 2.
2026-02-07 22:53:55,494 [ERROR] LogOutputStream:75 - [STDERR_REDIRECT] 
2026-02-07 22:53:55,495 [ERROR] LogOutputStream:75 - [STDERR_REDIRECT] Feb 07, 2026 10:53:55 PM java.util.prefs.FileSystemPreferences syncWorld
2026-02-07 22:53:55,495 [ERROR] LogOutputStream:75 - [STDERR_REDIRECT] WARNING: Couldn't flush system prefs: java.util.prefs.BackingStoreException: Couldn't get file lock.
2026-02-07 22:53:55,495 [ERROR] LogOutputStream:75 - [STDERR_REDIRECT] 
2026-02-07 22:54:25,495 [ERROR] LogOutputStream:75 - [STDERR_REDIRECT] Feb 07, 2026 10:54:25 PM java.util.prefs.FileSystemPreferences checkLockFile0ErrorCode
2026-02-07 22:54:25,495 [ERROR] LogOutputStream:75 - [STDERR_REDIRECT] WARNING: Could not lock System prefs. Unix error code 2.
2026-02-07 22:54:25,495 [ERROR] LogOutputStream:75 - [STDERR_REDIRECT] 
2026-02-07 22:54:25,495 [ERROR] LogOutputStream:75 - [STDERR_REDIRECT] Feb 07, 2026 10:54:25 PM java.util.prefs.FileSystemPreferences syncWorld
2026-02-07 22:54:25,496 [ERROR] LogOutputStream:75 - [STDERR_REDIRECT] WARNING: Couldn't flush system prefs: java.util.prefs.BackingStoreException: Couldn't get file lock.
2026-02-07 22:54:25,496 [ERROR] LogOutputStream:75 - [STDERR_REDIRECT] 
2026-02-07 22:54:55,494 [ERROR] LogOutputStream:75 - [STDERR_REDIRECT] Feb 07, 2026 10:54:55 PM java.util.prefs.FileSystemPreferences checkLockFile0ErrorCode
2026-02-07 22:54:55,495 [ERROR] LogOutputStream:75 - [STDERR_REDIRECT] WARNING: Could not lock System prefs. Unix error code 2.
2026-02-07 22:54:55,495 [ERROR] LogOutputStream:75 - [STDERR_REDIRECT] 
2026-02-07 22:54:55,495 [ERROR] LogOutputStream:75 - [STDERR_REDIRECT] Feb 07, 2026 10:54:55 PM java.util.prefs.FileSystemPreferences syncWorld
2026-02-07 22:54:55,495 [ERROR] LogOutputStream:75 - [STDERR_REDIRECT] WARNING: Couldn't flush system prefs: java.util.prefs.BackingStoreException: Couldn't get file lock.
2026-02-07 22:54:55,495 [ERROR] LogOutputStream:75 - [STDERR_REDIRECT] 
2026-02-07 22:55:25,495 [ERROR] LogOutputStream:75 - [STDERR_REDIRECT] Feb 07, 2026 10:55:25 PM java.util.prefs.FileSystemPreferences checkLockFile0ErrorCode
2026-02-07 22:55:25,496 [ERROR] LogOutputStream:75 - [STDERR_REDIRECT] WARNING: Could not lock System prefs. Unix error code 2.
2026-02-07 22:55:25,496 [ERROR] LogOutputStream:75 - [STDERR_REDIRECT] 
2026-02-07 22:55:25,496 [ERROR] LogOutputStream:75 - [STDERR_REDIRECT] Feb 07, 2026 10:55:25 PM java.util.prefs.FileSystemPreferences syncWorld
2026-02-07 22:55:25,496 [ERROR] LogOutputStream:75 - [STDERR_REDIRECT] WARNING: Couldn't flush system prefs: java.util.prefs.BackingStoreException: Couldn't get file lock.
2026-02-07 22:55:25,496 [ERROR] LogOutputStream:75 - [STDERR_REDIRECT] 
2026-02-07 22:55:55,497 [ERROR] LogOutputStream:75 - [STDERR_REDIRECT] Feb 07, 2026 10:55:55 PM java.util.prefs.FileSystemPreferences checkLockFile0ErrorCode
2026-02-07 22:55:55,497 [ERROR] LogOutputStream:75 - [STDERR_REDIRECT] WARNING: Could not lock System prefs. Unix error code 2.
2026-02-07 22:55:55,497 [ERROR] LogOutputStream:75 - [STDERR_REDIRECT] 
2026-02-07 22:55:55,497 [ERROR] LogOutputStream:75 - [STDERR_REDIRECT] Feb 07, 2026 10:55:55 PM java.util.prefs.FileSystemPreferences syncWorld
2026-02-07 22:55:55,497 [ERROR] LogOutputStream:75 - [STDERR_REDIRECT] WARNING: Couldn't flush system prefs: java.util.prefs.BackingStoreException: Couldn't get file lock.
2026-02-07 22:55:55,498 [ERROR] LogOutputStream:75 - [STDERR_REDIRECT] 
2026-02-07 22:56:25,497 [ERROR] LogOutputStream:75 - [STDERR_REDIRECT] Feb 07, 2026 10:56:25 PM java.util.prefs.FileSystemPreferences checkLockFile0ErrorCode
2026-02-07 22:56:25,498 [ERROR] LogOutputStream:75 - [STDERR_REDIRECT] WARNING: Could not lock System prefs. Unix error code 2.
2026-02-07 22:56:25,498 [ERROR] LogOutputStream:75 - [STDERR_REDIRECT] 
2026-02-07 22:56:25,498 [ERROR] LogOutputStream:75 - [STDERR_REDIRECT] Feb 07, 2026 10:56:25 PM java.util.prefs.FileSystemPreferences syncWorld
2026-02-07 22:56:25,498 [ERROR] LogOutputStream:75 - [STDERR_REDIRECT] WARNING: Couldn't flush system prefs: java.util.prefs.BackingStoreException: Couldn't get file lock.
2026-02-07 22:56:25,498 [ERROR] LogOutputStream:75 - [STDERR_REDIRECT] 
2026-02-07 22:56:55,498 [ERROR] LogOutputStream:75 - [STDERR_REDIRECT] Feb 07, 2026 10:56:55 PM java.util.prefs.FileSystemPreferences checkLockFile0ErrorCode
2026-02-07 22:56:55,498 [ERROR] LogOutputStream:75 - [STDERR_REDIRECT] WARNING: Could not lock System prefs. Unix error code 2.
2026-02-07 22:56:55,498 [ERROR] LogOutputStream:75 - [STDERR_REDIRECT] 
2026-02-07 22:56:55,499 [ERROR] LogOutputStream:75 - [STDERR_REDIRECT] Feb 07, 2026 10:56:55 PM java.util.prefs.FileSystemPreferences syncWorld
2026-02-07 22:56:55,499 [ERROR] LogOutputStream:75 - [STDERR_REDIRECT] WARNING: Couldn't flush system prefs: java.util.prefs.BackingStoreException: Couldn't get file lock.
2026-02-07 22:56:55,499 [ERROR] LogOutputStream:75 - [STDERR_REDIRECT] 
2026-02-07 22:57:25,497 [ERROR] LogOutputStream:75 - [STDERR_REDIRECT] Feb 07, 2026 10:57:25 PM java.util.prefs.FileSystemPreferences checkLockFile0ErrorCode
2026-02-07 22:57:25,498 [ERROR] LogOutputStream:75 - [STDERR_REDIRECT] WARNING: Could not lock System prefs. Unix error code 2.
2026-02-07 22:57:25,498 [ERROR] LogOutputStream:75 - [STDERR_REDIRECT] 
2026-02-07 22:57:25,498 [ERROR] LogOutputStream:75 - [STDERR_REDIRECT] Feb 07, 2026 10:57:25 PM java.util.prefs.FileSystemPreferences syncWorld
2026-02-07 22:57:25,499 [ERROR] LogOutputStream:75 - [STDERR_REDIRECT] WARNING: Couldn't flush system prefs: java.util.prefs.BackingStoreException: Couldn't get file lock.
2026-02-07 22:57:25,499 [ERROR] LogOutputStream:75 - [STDERR_REDIRECT] 
2026-02-07 22:57:55,496 [ERROR] LogOutputStream:75 - [STDERR_REDIRECT] Feb 07, 2026 10:57:55 PM java.util.prefs.FileSystemPreferences checkLockFile0ErrorCode
2026-02-07 22:57:55,496 [ERROR] LogOutputStream:75 - [STDERR_REDIRECT] WARNING: Could not lock System prefs. Unix error code 2.
2026-02-07 22:57:55,496 [ERROR] LogOutputStream:75 - [STDERR_REDIRECT] 
2026-02-07 22:57:55,497 [ERROR] LogOutputStream:75 - [STDERR_REDIRECT] Feb 07, 2026 10:57:55 PM java.util.prefs.FileSystemPreferences syncWorld
2026-02-07 22:57:55,497 [ERROR] LogOutputStream:75 - [STDERR_REDIRECT] WARNING: Couldn't flush system prefs: java.util.prefs.BackingStoreException: Couldn't get file lock.
2026-02-07 22:57:55,497 [ERROR] LogOutputStream:75 - [STDERR_REDIRECT] 
2026-02-07 22:58:25,498 [ERROR] LogOutputStream:75 - [STDERR_REDIRECT] Feb 07, 2026 10:58:25 PM java.util.prefs.FileSystemPreferences checkLockFile0ErrorCode
2026-02-07 22:58:25,498 [ERROR] LogOutputStream:75 - [STDERR_REDIRECT] WARNING: Could not lock System prefs. Unix error code 2.
2026-02-07 22:58:25,498 [ERROR] LogOutputStream:75 - [STDERR_REDIRECT] 
2026-02-07 22:58:25,499 [ERROR] LogOutputStream:75 - [STDERR_REDIRECT] Feb 07, 2026 10:58:25 PM java.util.prefs.FileSystemPreferences syncWorld
2026-02-07 22:58:25,499 [ERROR] LogOutputStream:75 - [STDERR_REDIRECT] WARNING: Couldn't flush system prefs: java.util.prefs.BackingStoreException: Couldn't get file lock.
2026-02-07 22:58:25,499 [ERROR] LogOutputStream:75 - [STDERR_REDIRECT] 
2026-02-07 22:58:55,497 [ERROR] LogOutputStream:75 - [STDERR_REDIRECT] Feb 07, 2026 10:58:55 PM java.util.prefs.FileSystemPreferences checkLockFile0ErrorCode
2026-02-07 22:58:55,497 [ERROR] LogOutputStream:75 - [STDERR_REDIRECT] WARNING: Could not lock System prefs. Unix error code 2.
2026-02-07 22:58:55,497 [ERROR] LogOutputStream:75 - [STDERR_REDIRECT] 
2026-02-07 22:58:55,498 [ERROR] LogOutputStream:75 - [STDERR_REDIRECT] Feb 07, 2026 10:58:55 PM java.util.prefs.FileSystemPreferences syncWorld
2026-02-07 22:58:55,498 [ERROR] LogOutputStream:75 - [STDERR_REDIRECT] WARNING: Couldn't flush system prefs: java.util.prefs.BackingStoreException: Couldn't get file lock.
2026-02-07 22:58:55,498 [ERROR] LogOutputStream:75 - [STDERR_REDIRECT] 
2026-02-07 22:59:25,497 [ERROR] LogOutputStream:75 - [STDERR_REDIRECT] Feb 07, 2026 10:59:25 PM java.util.prefs.FileSystemPreferences checkLockFile0ErrorCode
2026-02-07 22:59:25,498 [ERROR] LogOutputStream:75 - [STDERR_REDIRECT] WARNING: Could not lock System prefs. Unix error code 2.
2026-02-07 22:59:25,498 [ERROR] LogOutputStream:75 - [STDERR_REDIRECT] 
2026-02-07 22:59:25,498 [ERROR] LogOutputStream:75 - [STDERR_REDIRECT] Feb 07, 2026 10:59:25 PM java.util.prefs.FileSystemPreferences syncWorld
2026-02-07 22:59:25,498 [ERROR] LogOutputStream:75 - [STDERR_REDIRECT] WARNING: Couldn't flush system prefs: java.util.prefs.BackingStoreException: Couldn't get file lock.
2026-02-07 22:59:25,498 [ERROR] LogOutputStream:75 - [STDERR_REDIRECT] 
2026-02-07 22:59:55,497 [ERROR] LogOutputStream:75 - [STDERR_REDIRECT] Feb 07, 2026 10:59:55 PM java.util.prefs.FileSystemPreferences checkLockFile0ErrorCode
2026-02-07 22:59:55,498 [ERROR] LogOutputStream:75 - [STDERR_REDIRECT] WARNING: Could not lock System prefs. Unix error code 2.
2026-02-07 22:59:55,498 [ERROR] LogOutputStream:75 - [STDERR_REDIRECT] 
2026-02-07 22:59:55,498 [ERROR] LogOutputStream:75 - [STDERR_REDIRECT] Feb 07, 2026 10:59:55 PM java.util.prefs.FileSystemPreferences syncWorld
2026-02-07 22:59:55,499 [ERROR] LogOutputStream:75 - [STDERR_REDIRECT] WARNING: Couldn't flush system prefs: java.util.prefs.BackingStoreException: Couldn't get file lock.
2026-02-07 22:59:55,499 [ERROR] LogOutputStream:75 - [STDERR_REDIRECT] 
2026-02-07 23:00:25,498 [ERROR] LogOutputStream:75 - [STDERR_REDIRECT] Feb 07, 2026 11:00:25 PM java.util.prefs.FileSystemPreferences checkLockFile0ErrorCode
2026-02-07 23:00:25,498 [ERROR] LogOutputStream:75 - [STDERR_REDIRECT] WARNING: Could not lock System prefs. Unix error code 2.
2026-02-07 23:00:25,498 [ERROR] LogOutputStream:75 - [STDERR_REDIRECT] 
2026-02-07 23:00:25,498 [ERROR] LogOutputStream:75 - [STDERR_REDIRECT] Feb 07, 2026 11:00:25 PM java.util.prefs.FileSystemPreferences syncWorld
2026-02-07 23:00:25,498 [ERROR] LogOutputStream:75 - [STDERR_REDIRECT] WARNING: Couldn't flush system prefs: java.util.prefs.BackingStoreException: Couldn't get file lock.
2026-02-07 23:00:25,499 [ERROR] LogOutputStream:75 - [STDERR_REDIRECT] 
2026-02-07 23:00:55,498 [ERROR] LogOutputStream:75 - [STDERR_REDIRECT] Feb 07, 2026 11:00:55 PM java.util.prefs.FileSystemPreferences checkLockFile0ErrorCode
2026-02-07 23:00:55,498 [ERROR] LogOutputStream:75 - [STDERR_REDIRECT] WARNING: Could not lock System prefs. Unix error code 2.
2026-02-07 23:00:55,499 [ERROR] LogOutputStream:75 - [STDERR_REDIRECT] 
2026-02-07 23:00:55,499 [ERROR] LogOutputStream:75 - [STDERR_REDIRECT] Feb 07, 2026 11:00:55 PM java.util.prefs.FileSystemPreferences syncWorld
2026-02-07 23:00:55,499 [ERROR] LogOutputStream:75 - [STDERR_REDIRECT] WARNING: Couldn't flush system prefs: java.util.prefs.BackingStoreException: Couldn't get file lock.
2026-02-07 23:00:55,499 [ERROR] LogOutputStream:75 - [STDERR_REDIRECT] 
2026-02-07 23:01:25,500 [ERROR] LogOutputStream:75 - [STDERR_REDIRECT] Feb 07, 2026 11:01:25 PM java.util.prefs.FileSystemPreferences checkLockFile0ErrorCode
2026-02-07 23:01:25,500 [ERROR] LogOutputStream:75 - [STDERR_REDIRECT] WARNING: Could not lock System prefs. Unix error code 2.
2026-02-07 23:01:25,500 [ERROR] LogOutputStream:75 - [STDERR_REDIRECT] 
2026-02-07 23:01:25,501 [ERROR] LogOutputStream:75 - [STDERR_REDIRECT] Feb 07, 2026 11:01:25 PM java.util.prefs.FileSystemPreferences syncWorld
2026-02-07 23:01:25,501 [ERROR] LogOutputStream:75 - [STDERR_REDIRECT] WARNING: Couldn't flush system prefs: java.util.prefs.BackingStoreException: Couldn't get file lock.
2026-02-07 23:01:25,501 [ERROR] LogOutputStream:75 - [STDERR_REDIRECT] 
2026-02-07 23:01:55,499 [ERROR] LogOutputStream:75 - [STDERR_REDIRECT] Feb 07, 2026 11:01:55 PM java.util.prefs.FileSystemPreferences checkLockFile0ErrorCode
2026-02-07 23:01:55,499 [ERROR] LogOutputStream:75 - [STDERR_REDIRECT] WARNING: Could not lock System prefs. Unix error code 2.
2026-02-07 23:01:55,500 [ERROR] LogOutputStream:75 - [STDERR_REDIRECT] 
2026-02-07 23:01:55,500 [ERROR] LogOutputStream:75 - [STDERR_REDIRECT] Feb 07, 2026 11:01:55 PM java.util.prefs.FileSystemPreferences syncWorld
2026-02-07 23:01:55,500 [ERROR] LogOutputStream:75 - [STDERR_REDIRECT] WARNING: Couldn't flush system prefs: java.util.prefs.BackingStoreException: Couldn't get file lock.
2026-02-07 23:01:55,500 [ERROR] LogOutputStream:75 - [STDERR_REDIRECT] 
2026-02-07 23:02:09,622 [INFO] WebApp:194 - Connection lost
2026-02-07 23:02:10,171 [INFO] WebApp:191 - Connection restablished
2026-02-07 23:02:25,499 [ERROR] LogOutputStream:75 - [STDERR_REDIRECT] Feb 07, 2026 11:02:25 PM java.util.prefs.FileSystemPreferences checkLockFile0ErrorCode
2026-02-07 23:02:25,499 [ERROR] LogOutputStream:75 - [STDERR_REDIRECT] WARNING: Could not lock System prefs. Unix error code 2.
2026-02-07 23:02:25,499 [ERROR] LogOutputStream:75 - [STDERR_REDIRECT] 
2026-02-07 23:02:25,499 [ERROR] LogOutputStream:75 - [STDERR_REDIRECT] Feb 07, 2026 11:02:25 PM java.util.prefs.FileSystemPreferences syncWorld
2026-02-07 23:02:25,499 [ERROR] LogOutputStream:75 - [STDERR_REDIRECT] WARNING: Couldn't flush system prefs: java.util.prefs.BackingStoreException: Couldn't get file lock.
2026-02-07 23:02:25,500 [ERROR] LogOutputStream:75 - [STDERR_REDIRECT] 
2026-02-07 23:02:55,499 [ERROR] LogOutputStream:75 - [STDERR_REDIRECT] Feb 07, 2026 11:02:55 PM java.util.prefs.FileSystemPreferences checkLockFile0ErrorCode
2026-02-07 23:02:55,499 [ERROR] LogOutputStream:75 - [STDERR_REDIRECT] WARNING: Could not lock System prefs. Unix error code 2.
2026-02-07 23:02:55,499 [ERROR] LogOutputStream:75 - [STDERR_REDIRECT] 
2026-02-07 23:02:55,499 [ERROR] LogOutputStream:75 - [STDERR_REDIRECT] Feb 07, 2026 11:02:55 PM java.util.prefs.FileSystemPreferences syncWorld
2026-02-07 23:02:55,499 [ERROR] LogOutputStream:75 - [STDERR_REDIRECT] WARNING: Couldn't flush system prefs: java.util.prefs.BackingStoreException: Couldn't get file lock.
2026-02-07 23:02:55,500 [ERROR] LogOutputStream:75 - [STDERR_REDIRECT] 
2026-02-07 23:03:25,499 [ERROR] LogOutputStream:75 - [STDERR_REDIRECT] Feb 07, 2026 11:03:25 PM java.util.prefs.FileSystemPreferences checkLockFile0ErrorCode
2026-02-07 23:03:25,499 [ERROR] LogOutputStream:75 - [STDERR_REDIRECT] WARNING: Could not lock System prefs. Unix error code 2.
2026-02-07 23:03:25,499 [ERROR] LogOutputStream:75 - [STDERR_REDIRECT] 
2026-02-07 23:03:25,499 [ERROR] LogOutputStream:75 - [STDERR_REDIRECT] Feb 07, 2026 11:03:25 PM java.util.prefs.FileSystemPreferences syncWorld
2026-02-07 23:03:25,500 [ERROR] LogOutputStream:75 - [STDERR_REDIRECT] WARNING: Couldn't flush system prefs: java.util.prefs.BackingStoreException: Couldn't get file lock.
2026-02-07 23:03:25,500 [ERROR] LogOutputStream:75 - [STDERR_REDIRECT] 
2026-02-07 23:03:55,500 [ERROR] LogOutputStream:75 - [STDERR_REDIRECT] Feb 07, 2026 11:03:55 PM java.util.prefs.FileSystemPreferences checkLockFile0ErrorCode
2026-02-07 23:03:55,501 [ERROR] LogOutputStream:75 - [STDERR_REDIRECT] WARNING: Could not lock System prefs. Unix error code 2.
2026-02-07 23:03:55,501 [ERROR] LogOutputStream:75 - [STDERR_REDIRECT] 
2026-02-07 23:03:55,501 [ERROR] LogOutputStream:75 - [STDERR_REDIRECT] Feb 07, 2026 11:03:55 PM java.util.prefs.FileSystemPreferences syncWorld
2026-02-07 23:03:55,501 [ERROR] LogOutputStream:75 - [STDERR_REDIRECT] WARNING: Couldn't flush system prefs: java.util.prefs.BackingStoreException: Couldn't get file lock.
2026-02-07 23:03:55,501 [ERROR] LogOutputStream:75 - [STDERR_REDIRECT] 
2026-02-07 23:04:25,500 [ERROR] LogOutputStream:75 - [STDERR_REDIRECT] Feb 07, 2026 11:04:25 PM java.util.prefs.FileSystemPreferences checkLockFile0ErrorCode
2026-02-07 23:04:25,500 [ERROR] LogOutputStream:75 - [STDERR_REDIRECT] WARNING: Could not lock System prefs. Unix error code 2.
2026-02-07 23:04:25,501 [ERROR] LogOutputStream:75 - [STDERR_REDIRECT] 
2026-02-07 23:04:25,501 [ERROR] LogOutputStream:75 - [STDERR_REDIRECT] Feb 07, 2026 11:04:25 PM java.util.prefs.FileSystemPreferences syncWorld
2026-02-07 23:04:25,501 [ERROR] LogOutputStream:75 - [STDERR_REDIRECT] WARNING: Couldn't flush system prefs: java.util.prefs.BackingStoreException: Couldn't get file lock.
2026-02-07 23:04:25,501 [ERROR] LogOutputStream:75 - [STDERR_REDIRECT] 
2026-02-07 23:04:55,500 [ERROR] LogOutputStream:75 - [STDERR_REDIRECT] Feb 07, 2026 11:04:55 PM java.util.prefs.FileSystemPreferences checkLockFile0ErrorCode
2026-02-07 23:04:55,500 [ERROR] LogOutputStream:75 - [STDERR_REDIRECT] WARNING: Could not lock System prefs. Unix error code 2.
2026-02-07 23:04:55,500 [ERROR] LogOutputStream:75 - [STDERR_REDIRECT] 
2026-02-07 23:04:55,500 [ERROR] LogOutputStream:75 - [STDERR_REDIRECT] Feb 07, 2026 11:04:55 PM java.util.prefs.FileSystemPreferences syncWorld
2026-02-07 23:04:55,500 [ERROR] LogOutputStream:75 - [STDERR_REDIRECT] WARNING: Couldn't flush system prefs: java.util.prefs.BackingStoreException: Couldn't get file lock.
2026-02-07 23:04:55,500 [ERROR] LogOutputStream:75 - [STDERR_REDIRECT] 
2026-02-07 23:05:25,501 [ERROR] LogOutputStream:75 - [STDERR_REDIRECT] Feb 07, 2026 11:05:25 PM java.util.prefs.FileSystemPreferences checkLockFile0ErrorCode
2026-02-07 23:05:25,501 [ERROR] LogOutputStream:75 - [STDERR_REDIRECT] WARNING: Could not lock System prefs. Unix error code 2.
2026-02-07 23:05:25,501 [ERROR] LogOutputStream:75 - [STDERR_REDIRECT] 
2026-02-07 23:05:25,501 [ERROR] LogOutputStream:75 - [STDERR_REDIRECT] Feb 07, 2026 11:05:25 PM java.util.prefs.FileSystemPreferences syncWorld
2026-02-07 23:05:25,502 [ERROR] LogOutputStream:75 - [STDERR_REDIRECT] WARNING: Couldn't flush system prefs: java.util.prefs.BackingStoreException: Couldn't get file lock.
2026-02-07 23:05:25,502 [ERROR] LogOutputStream:75 - [STDERR_REDIRECT] 
2026-02-07 23:05:55,501 [ERROR] LogOutputStream:75 - [STDERR_REDIRECT] Feb 07, 2026 11:05:55 PM java.util.prefs.FileSystemPreferences checkLockFile0ErrorCode
2026-02-07 23:05:55,501 [ERROR] LogOutputStream:75 - [STDERR_REDIRECT] WARNING: Could not lock System prefs. Unix error code 2.
2026-02-07 23:05:55,502 [ERROR] LogOutputStream:75 - [STDERR_REDIRECT] 
2026-02-07 23:05:55,502 [ERROR] LogOutputStream:75 - [STDERR_REDIRECT] Feb 07, 2026 11:05:55 PM java.util.prefs.FileSystemPreferences syncWorld
2026-02-07 23:05:55,502 [ERROR] LogOutputStream:75 - [STDERR_REDIRECT] WARNING: Couldn't flush system prefs: java.util.prefs.BackingStoreException: Couldn't get file lock.
2026-02-07 23:05:55,502 [ERROR] LogOutputStream:75 - [STDERR_REDIRECT] 
2026-02-07 23:06:25,501 [ERROR] LogOutputStream:75 - [STDERR_REDIRECT] Feb 07, 2026 11:06:25 PM java.util.prefs.FileSystemPreferences checkLockFile0ErrorCode
2026-02-07 23:06:25,501 [ERROR] LogOutputStream:75 - [STDERR_REDIRECT] WARNING: Could not lock System prefs. Unix error code 2.
2026-02-07 23:06:25,501 [ERROR] LogOutputStream:75 - [STDERR_REDIRECT] 
2026-02-07 23:06:25,501 [ERROR] LogOutputStream:75 - [STDERR_REDIRECT] Feb 07, 2026 11:06:25 PM java.util.prefs.FileSystemPreferences syncWorld
2026-02-07 23:06:25,501 [ERROR] LogOutputStream:75 - [STDERR_REDIRECT] WARNING: Couldn't flush system prefs: java.util.prefs.BackingStoreException: Couldn't get file lock.
2026-02-07 23:06:25,502 [ERROR] LogOutputStream:75 - [STDERR_REDIRECT] 
2026-02-07 23:06:55,501 [ERROR] LogOutputStream:75 - [STDERR_REDIRECT] Feb 07, 2026 11:06:55 PM java.util.prefs.FileSystemPreferences checkLockFile0ErrorCode
2026-02-07 23:06:55,501 [ERROR] LogOutputStream:75 - [STDERR_REDIRECT] WARNING: Could not lock System prefs. Unix error code 2.
2026-02-07 23:06:55,501 [ERROR] LogOutputStream:75 - [STDERR_REDIRECT] 
2026-02-07 23:06:55,502 [ERROR] LogOutputStream:75 - [STDERR_REDIRECT] Feb 07, 2026 11:06:55 PM java.util.prefs.FileSystemPreferences syncWorld
2026-02-07 23:06:55,502 [ERROR] LogOutputStream:75 - [STDERR_REDIRECT] WARNING: Couldn't flush system prefs: java.util.prefs.BackingStoreException: Couldn't get file lock.
2026-02-07 23:06:55,502 [ERROR] LogOutputStream:75 - [STDERR_REDIRECT] 
2026-02-07 23:07:25,502 [ERROR] LogOutputStream:75 - [STDERR_REDIRECT] Feb 07, 2026 11:07:25 PM java.util.prefs.FileSystemPreferences checkLockFile0ErrorCode
2026-02-07 23:07:25,502 [ERROR] LogOutputStream:75 - [STDERR_REDIRECT] WARNING: Could not lock System prefs. Unix error code 2.
2026-02-07 23:07:25,502 [ERROR] LogOutputStream:75 - [STDERR_REDIRECT] 
2026-02-07 23:07:25,503 [ERROR] LogOutputStream:75 - [STDERR_REDIRECT] Feb 07, 2026 11:07:25 PM java.util.prefs.FileSystemPreferences syncWorld
2026-02-07 23:07:25,503 [ERROR] LogOutputStream:75 - [STDERR_REDIRECT] WARNING: Couldn't flush system prefs: java.util.prefs.BackingStoreException: Couldn't get file lock.
2026-02-07 23:07:25,503 [ERROR] LogOutputStream:75 - [STDERR_REDIRECT] 
2026-02-07 23:07:55,501 [ERROR] LogOutputStream:75 - [STDERR_REDIRECT] Feb 07, 2026 11:07:55 PM java.util.prefs.FileSystemPreferences checkLockFile0ErrorCode
2026-02-07 23:07:55,502 [ERROR] LogOutputStream:75 - [STDERR_REDIRECT] WARNING: Could not lock System prefs. Unix error code 2.
2026-02-07 23:07:55,502 [ERROR] LogOutputStream:75 - [STDERR_REDIRECT] 
2026-02-07 23:07:55,502 [ERROR] LogOutputStream:75 - [STDERR_REDIRECT] Feb 07, 2026 11:07:55 PM java.util.prefs.FileSystemPreferences syncWorld
2026-02-07 23:07:55,502 [ERROR] LogOutputStream:75 - [STDERR_REDIRECT] WARNING: Couldn't flush system prefs: java.util.prefs.BackingStoreException: Couldn't get file lock.
2026-02-07 23:07:55,502 [ERROR] LogOutputStream:75 - [STDERR_REDIRECT] 
2026-02-07 23:08:25,502 [ERROR] LogOutputStream:75 - [STDERR_REDIRECT] Feb 07, 2026 11:08:25 PM java.util.prefs.FileSystemPreferences checkLockFile0ErrorCode
2026-02-07 23:08:25,502 [ERROR] LogOutputStream:75 - [STDERR_REDIRECT] WARNING: Could not lock System prefs. Unix error code 2.
2026-02-07 23:08:25,502 [ERROR] LogOutputStream:75 - [STDERR_REDIRECT] 
2026-02-07 23:08:25,502 [ERROR] LogOutputStream:75 - [STDERR_REDIRECT] Feb 07, 2026 11:08:25 PM java.util.prefs.FileSystemPreferences syncWorld
2026-02-07 23:08:25,502 [ERROR] LogOutputStream:75 - [STDERR_REDIRECT] WARNING: Couldn't flush system prefs: java.util.prefs.BackingStoreException: Couldn't get file lock.
2026-02-07 23:08:25,503 [ERROR] LogOutputStream:75 - [STDERR_REDIRECT] 
2026-02-07 23:08:55,502 [ERROR] LogOutputStream:75 - [STDERR_REDIRECT] Feb 07, 2026 11:08:55 PM java.util.prefs.FileSystemPreferences checkLockFile0ErrorCode
2026-02-07 23:08:55,502 [ERROR] LogOutputStream:75 - [STDERR_REDIRECT] WARNING: Could not lock System prefs. Unix error code 2.
2026-02-07 23:08:55,502 [ERROR] LogOutputStream:75 - [STDERR_REDIRECT] 
2026-02-07 23:08:55,502 [ERROR] LogOutputStream:75 - [STDERR_REDIRECT] Feb 07, 2026 11:08:55 PM java.util.prefs.FileSystemPreferences syncWorld
2026-02-07 23:08:55,502 [ERROR] LogOutputStream:75 - [STDERR_REDIRECT] WARNING: Couldn't flush system prefs: java.util.prefs.BackingStoreException: Couldn't get file lock.
2026-02-07 23:08:55,503 [ERROR] LogOutputStream:75 - [STDERR_REDIRECT] 
2026-02-07 23:09:25,502 [ERROR] LogOutputStream:75 - [STDERR_REDIRECT] Feb 07, 2026 11:09:25 PM java.util.prefs.FileSystemPreferences checkLockFile0ErrorCode
2026-02-07 23:09:25,502 [ERROR] LogOutputStream:75 - [STDERR_REDIRECT] WARNING: Could not lock System prefs. Unix error code 2.
2026-02-07 23:09:25,502 [ERROR] LogOutputStream:75 - [STDERR_REDIRECT] 
2026-02-07 23:09:25,503 [ERROR] LogOutputStream:75 - [STDERR_REDIRECT] Feb 07, 2026 11:09:25 PM java.util.prefs.FileSystemPreferences syncWorld
2026-02-07 23:09:25,503 [ERROR] LogOutputStream:75 - [STDERR_REDIRECT] WARNING: Couldn't flush system prefs: java.util.prefs.BackingStoreException: Couldn't get file lock.
2026-02-07 23:09:25,503 [ERROR] LogOutputStream:75 - [STDERR_REDIRECT] 
2026-02-07 23:09:55,502 [ERROR] LogOutputStream:75 - [STDERR_REDIRECT] Feb 07, 2026 11:09:55 PM java.util.prefs.FileSystemPreferences checkLockFile0ErrorCode
2026-02-07 23:09:55,502 [ERROR] LogOutputStream:75 - [STDERR_REDIRECT] WARNING: Could not lock System prefs. Unix error code 2.
2026-02-07 23:09:55,503 [ERROR] LogOutputStream:75 - [STDERR_REDIRECT] 
2026-02-07 23:09:55,503 [ERROR] LogOutputStream:75 - [STDERR_REDIRECT] Feb 07, 2026 11:09:55 PM java.util.prefs.FileSystemPreferences syncWorld
2026-02-07 23:09:55,503 [ERROR] LogOutputStream:75 - [STDERR_REDIRECT] WARNING: Couldn't flush system prefs: java.util.prefs.BackingStoreException: Couldn't get file lock.
2026-02-07 23:09:55,503 [ERROR] LogOutputStream:75 - [STDERR_REDIRECT] 
2026-02-07 23:10:25,502 [ERROR] LogOutputStream:75 - [STDERR_REDIRECT] Feb 07, 2026 11:10:25 PM java.util.prefs.FileSystemPreferences checkLockFile0ErrorCode
2026-02-07 23:10:25,502 [ERROR] LogOutputStream:75 - [STDERR_REDIRECT] WARNING: Could not lock System prefs. Unix error code 2.
2026-02-07 23:10:25,502 [ERROR] LogOutputStream:75 - [STDERR_REDIRECT] 
2026-02-07 23:10:25,503 [ERROR] LogOutputStream:75 - [STDERR_REDIRECT] Feb 07, 2026 11:10:25 PM java.util.prefs.FileSystemPreferences syncWorld
2026-02-07 23:10:25,503 [ERROR] LogOutputStream:75 - [STDERR_REDIRECT] WARNING: Couldn't flush system prefs: java.util.prefs.BackingStoreException: Couldn't get file lock.
2026-02-07 23:10:25,503 [ERROR] LogOutputStream:75 - [STDERR_REDIRECT] 
2026-02-07 23:10:55,502 [ERROR] LogOutputStream:75 - [STDERR_REDIRECT] Feb 07, 2026 11:10:55 PM java.util.prefs.FileSystemPreferences checkLockFile0ErrorCode
2026-02-07 23:10:55,503 [ERROR] LogOutputStream:75 - [STDERR_REDIRECT] WARNING: Could not lock System prefs. Unix error code 2.
2026-02-07 23:10:55,503 [ERROR] LogOutputStream:75 - [STDERR_REDIRECT] 
2026-02-07 23:10:55,503 [ERROR] LogOutputStream:75 - [STDERR_REDIRECT] Feb 07, 2026 11:10:55 PM java.util.prefs.FileSystemPreferences syncWorld
2026-02-07 23:10:55,503 [ERROR] LogOutputStream:75 - [STDERR_REDIRECT] WARNING: Couldn't flush system prefs: java.util.prefs.BackingStoreException: Couldn't get file lock.
2026-02-07 23:10:55,503 [ERROR] LogOutputStream:75 - [STDERR_REDIRECT] 
2026-02-07 23:11:25,503 [ERROR] LogOutputStream:75 - [STDERR_REDIRECT] Feb 07, 2026 11:11:25 PM java.util.prefs.FileSystemPreferences checkLockFile0ErrorCode
2026-02-07 23:11:25,503 [ERROR] LogOutputStream:75 - [STDERR_REDIRECT] WARNING: Could not lock System prefs. Unix error code 2.
2026-02-07 23:11:25,504 [ERROR] LogOutputStream:75 - [STDERR_REDIRECT] 
2026-02-07 23:11:25,504 [ERROR] LogOutputStream:75 - [STDERR_REDIRECT] Feb 07, 2026 11:11:25 PM java.util.prefs.FileSystemPreferences syncWorld
2026-02-07 23:11:25,504 [ERROR] LogOutputStream:75 - [STDERR_REDIRECT] WARNING: Couldn't flush system prefs: java.util.prefs.BackingStoreException: Couldn't get file lock.
2026-02-07 23:11:25,504 [ERROR] LogOutputStream:75 - [STDERR_REDIRECT] 
2026-02-07 23:11:55,505 [ERROR] LogOutputStream:75 - [STDERR_REDIRECT] Feb 07, 2026 11:11:55 PM java.util.prefs.FileSystemPreferences checkLockFile0ErrorCode
2026-02-07 23:11:55,505 [ERROR] LogOutputStream:75 - [STDERR_REDIRECT] WARNING: Could not lock System prefs. Unix error code 2.
2026-02-07 23:11:55,506 [ERROR] LogOutputStream:75 - [STDERR_REDIRECT] 
2026-02-07 23:11:55,506 [ERROR] LogOutputStream:75 - [STDERR_REDIRECT] Feb 07, 2026 11:11:55 PM java.util.prefs.FileSystemPreferences syncWorld
2026-02-07 23:11:55,506 [ERROR] LogOutputStream:75 - [STDERR_REDIRECT] WARNING: Couldn't flush system prefs: java.util.prefs.BackingStoreException: Couldn't get file lock.
2026-02-07 23:11:55,506 [ERROR] LogOutputStream:75 - [STDERR_REDIRECT] 
2026-02-07 23:12:18,551 [INFO] WebApp:194 - Connection lost
2026-02-07 23:12:19,067 [INFO] WebApp:191 - Connection restablished
2026-02-07 23:12:25,505 [ERROR] LogOutputStream:75 - [STDERR_REDIRECT] Feb 07, 2026 11:12:25 PM java.util.prefs.FileSystemPreferences checkLockFile0ErrorCode
2026-02-07 23:12:25,505 [ERROR] LogOutputStream:75 - [STDERR_REDIRECT] WARNING: Could not lock System prefs. Unix error code 2.
2026-02-07 23:12:25,506 [ERROR] LogOutputStream:75 - [STDERR_REDIRECT] 
2026-02-07 23:12:25,506 [ERROR] LogOutputStream:75 - [STDERR_REDIRECT] Feb 07, 2026 11:12:25 PM java.util.prefs.FileSystemPreferences syncWorld
2026-02-07 23:12:25,506 [ERROR] LogOutputStream:75 - [STDERR_REDIRECT] WARNING: Couldn't flush system prefs: java.util.prefs.BackingStoreException: Couldn't get file lock.
2026-02-07 23:12:25,506 [ERROR] LogOutputStream:75 - [STDERR_REDIRECT] 
2026-02-07 23:12:55,506 [ERROR] LogOutputStream:75 - [STDERR_REDIRECT] Feb 07, 2026 11:12:55 PM java.util.prefs.FileSystemPreferences checkLockFile0ErrorCode
2026-02-07 23:12:55,506 [ERROR] LogOutputStream:75 - [STDERR_REDIRECT] WARNING: Could not lock System prefs. Unix error code 2.
2026-02-07 23:12:55,506 [ERROR] LogOutputStream:75 - [STDERR_REDIRECT] 
2026-02-07 23:12:55,506 [ERROR] LogOutputStream:75 - [STDERR_REDIRECT] Feb 07, 2026 11:12:55 PM java.util.prefs.FileSystemPreferences syncWorld
2026-02-07 23:12:55,507 [ERROR] LogOutputStream:75 - [STDERR_REDIRECT] WARNING: Couldn't flush system prefs: java.util.prefs.BackingStoreException: Couldn't get file lock.
2026-02-07 23:12:55,507 [ERROR] LogOutputStream:75 - [STDERR_REDIRECT] 
2026-02-07 23:13:25,504 [ERROR] LogOutputStream:75 - [STDERR_REDIRECT] Feb 07, 2026 11:13:25 PM java.util.prefs.FileSystemPreferences checkLockFile0ErrorCode
2026-02-07 23:13:25,504 [ERROR] LogOutputStream:75 - [STDERR_REDIRECT] WARNING: Could not lock System prefs. Unix error code 2.
2026-02-07 23:13:25,504 [ERROR] LogOutputStream:75 - [STDERR_REDIRECT] 
2026-02-07 23:13:25,504 [ERROR] LogOutputStream:75 - [STDERR_REDIRECT] Feb 07, 2026 11:13:25 PM java.util.prefs.FileSystemPreferences syncWorld
2026-02-07 23:13:25,505 [ERROR] LogOutputStream:75 - [STDERR_REDIRECT] WARNING: Couldn't flush system prefs: java.util.prefs.BackingStoreException: Couldn't get file lock.
2026-02-07 23:13:25,505 [ERROR] LogOutputStream:75 - [STDERR_REDIRECT] 
2026-02-07 23:13:55,504 [ERROR] LogOutputStream:75 - [STDERR_REDIRECT] Feb 07, 2026 11:13:55 PM java.util.prefs.FileSystemPreferences checkLockFile0ErrorCode
2026-02-07 23:13:55,504 [ERROR] LogOutputStream:75 - [STDERR_REDIRECT] WARNING: Could not lock System prefs. Unix error code 2.
2026-02-07 23:13:55,505 [ERROR] LogOutputStream:75 - [STDERR_REDIRECT] 
2026-02-07 23:13:55,505 [ERROR] LogOutputStream:75 - [STDERR_REDIRECT] Feb 07, 2026 11:13:55 PM java.util.prefs.FileSystemPreferences syncWorld
2026-02-07 23:13:55,505 [ERROR] LogOutputStream:75 - [STDERR_REDIRECT] WARNING: Couldn't flush system prefs: java.util.prefs.BackingStoreException: Couldn't get file lock.
2026-02-07 23:13:55,505 [ERROR] LogOutputStream:75 - [STDERR_REDIRECT] 
2026-02-07 23:14:25,505 [ERROR] LogOutputStream:75 - [STDERR_REDIRECT] Feb 07, 2026 11:14:25 PM java.util.prefs.FileSystemPreferences checkLockFile0ErrorCode
2026-02-07 23:14:25,505 [ERROR] LogOutputStream:75 - [STDERR_REDIRECT] WARNING: Could not lock System prefs. Unix error code 2.
2026-02-07 23:14:25,505 [ERROR] LogOutputStream:75 - [STDERR_REDIRECT] 
2026-02-07 23:14:25,505 [ERROR] LogOutputStream:75 - [STDERR_REDIRECT] Feb 07, 2026 11:14:25 PM java.util.prefs.FileSystemPreferences syncWorld
2026-02-07 23:14:25,506 [ERROR] LogOutputStream:75 - [STDERR_REDIRECT] WARNING: Couldn't flush system prefs: java.util.prefs.BackingStoreException: Couldn't get file lock.
2026-02-07 23:14:25,506 [ERROR] LogOutputStream:75 - [STDERR_REDIRECT] 
2026-02-07 23:14:55,506 [ERROR] LogOutputStream:75 - [STDERR_REDIRECT] Feb 07, 2026 11:14:55 PM java.util.prefs.FileSystemPreferences checkLockFile0ErrorCode
2026-02-07 23:14:55,506 [ERROR] LogOutputStream:75 - [STDERR_REDIRECT] WARNING: Could not lock System prefs. Unix error code 2.
2026-02-07 23:14:55,506 [ERROR] LogOutputStream:75 - [STDERR_REDIRECT] 
2026-02-07 23:14:55,507 [ERROR] LogOutputStream:75 - [STDERR_REDIRECT] Feb 07, 2026 11:14:55 PM java.util.prefs.FileSystemPreferences syncWorld
2026-02-07 23:14:55,507 [ERROR] LogOutputStream:75 - [STDERR_REDIRECT] WARNING: Couldn't flush system prefs: java.util.prefs.BackingStoreException: Couldn't get file lock.
2026-02-07 23:14:55,507 [ERROR] LogOutputStream:75 - [STDERR_REDIRECT] 
2026-02-07 23:15:25,506 [ERROR] LogOutputStream:75 - [STDERR_REDIRECT] Feb 07, 2026 11:15:25 PM java.util.prefs.FileSystemPreferences checkLockFile0ErrorCode
2026-02-07 23:15:25,506 [ERROR] LogOutputStream:75 - [STDERR_REDIRECT] WARNING: Could not lock System prefs. Unix error code 2.
2026-02-07 23:15:25,506 [ERROR] LogOutputStream:75 - [STDERR_REDIRECT] 
2026-02-07 23:15:25,506 [ERROR] LogOutputStream:75 - [STDERR_REDIRECT] Feb 07, 2026 11:15:25 PM java.util.prefs.FileSystemPreferences syncWorld
2026-02-07 23:15:25,506 [ERROR] LogOutputStream:75 - [STDERR_REDIRECT] WARNING: Couldn't flush system prefs: java.util.prefs.BackingStoreException: Couldn't get file lock.
2026-02-07 23:15:25,507 [ERROR] LogOutputStream:75 - [STDERR_REDIRECT] 
2026-02-07 23:15:55,505 [ERROR] LogOutputStream:75 - [STDERR_REDIRECT] Feb 07, 2026 11:15:55 PM java.util.prefs.FileSystemPreferences checkLockFile0ErrorCode
2026-02-07 23:15:55,505 [ERROR] LogOutputStream:75 - [STDERR_REDIRECT] WARNING: Could not lock System prefs. Unix error code 2.
2026-02-07 23:15:55,506 [ERROR] LogOutputStream:75 - [STDERR_REDIRECT] 
2026-02-07 23:15:55,506 [ERROR] LogOutputStream:75 - [STDERR_REDIRECT] Feb 07, 2026 11:15:55 PM java.util.prefs.FileSystemPreferences syncWorld
2026-02-07 23:15:55,506 [ERROR] LogOutputStream:75 - [STDERR_REDIRECT] WARNING: Couldn't flush system prefs: java.util.prefs.BackingStoreException: Couldn't get file lock.
2026-02-07 23:15:55,506 [ERROR] LogOutputStream:75 - [STDERR_REDIRECT] 
2026-02-07 23:16:25,507 [ERROR] LogOutputStream:75 - [STDERR_REDIRECT] Feb 07, 2026 11:16:25 PM java.util.prefs.FileSystemPreferences checkLockFile0ErrorCode
2026-02-07 23:16:25,507 [ERROR] LogOutputStream:75 - [STDERR_REDIRECT] WARNING: Could not lock System prefs. Unix error code 2.
2026-02-07 23:16:25,507 [ERROR] LogOutputStream:75 - [STDERR_REDIRECT] 
2026-02-07 23:16:25,508 [ERROR] LogOutputStream:75 - [STDERR_REDIRECT] Feb 07, 2026 11:16:25 PM java.util.prefs.FileSystemPreferences syncWorld
2026-02-07 23:16:25,508 [ERROR] LogOutputStream:75 - [STDERR_REDIRECT] WARNING: Couldn't flush system prefs: java.util.prefs.BackingStoreException: Couldn't get file lock.
2026-02-07 23:16:25,508 [ERROR] LogOutputStream:75 - [STDERR_REDIRECT] 
2026-02-07 23:16:55,505 [ERROR] LogOutputStream:75 - [STDERR_REDIRECT] Feb 07, 2026 11:16:55 PM java.util.prefs.FileSystemPreferences checkLockFile0ErrorCode
2026-02-07 23:16:55,506 [ERROR] LogOutputStream:75 - [STDERR_REDIRECT] WARNING: Could not lock System prefs. Unix error code 2.
2026-02-07 23:16:55,506 [ERROR] LogOutputStream:75 - [STDERR_REDIRECT] 
2026-02-07 23:16:55,506 [ERROR] LogOutputStream:75 - [STDERR_REDIRECT] Feb 07, 2026 11:16:55 PM java.util.prefs.FileSystemPreferences syncWorld
2026-02-07 23:16:55,506 [ERROR] LogOutputStream:75 - [STDERR_REDIRECT] WARNING: Couldn't flush system prefs: java.util.prefs.BackingStoreException: Couldn't get file lock.
2026-02-07 23:16:55,506 [ERROR] LogOutputStream:75 - [STDERR_REDIRECT] 
2026-02-07 23:17:25,505 [ERROR] LogOutputStream:75 - [STDERR_REDIRECT] Feb 07, 2026 11:17:25 PM java.util.prefs.FileSystemPreferences checkLockFile0ErrorCode
2026-02-07 23:17:25,505 [ERROR] LogOutputStream:75 - [STDERR_REDIRECT] WARNING: Could not lock System prefs. Unix error code 2.
2026-02-07 23:17:25,505 [ERROR] LogOutputStream:75 - [STDERR_REDIRECT] 
2026-02-07 23:17:25,505 [ERROR] LogOutputStream:75 - [STDERR_REDIRECT] Feb 07, 2026 11:17:25 PM java.util.prefs.FileSystemPreferences syncWorld
2026-02-07 23:17:25,506 [ERROR] LogOutputStream:75 - [STDERR_REDIRECT] WARNING: Couldn't flush system prefs: java.util.prefs.BackingStoreException: Couldn't get file lock.
2026-02-07 23:17:25,506 [ERROR] LogOutputStream:75 - [STDERR_REDIRECT] 
2026-02-07 23:17:55,505 [ERROR] LogOutputStream:75 - [STDERR_REDIRECT] Feb 07, 2026 11:17:55 PM java.util.prefs.FileSystemPreferences checkLockFile0ErrorCode
2026-02-07 23:17:55,505 [ERROR] LogOutputStream:75 - [STDERR_REDIRECT] WARNING: Could not lock System prefs. Unix error code 2.
2026-02-07 23:17:55,506 [ERROR] LogOutputStream:75 - [STDERR_REDIRECT] 
2026-02-07 23:17:55,506 [ERROR] LogOutputStream:75 - [STDERR_REDIRECT] Feb 07, 2026 11:17:55 PM java.util.prefs.FileSystemPreferences syncWorld
2026-02-07 23:17:55,506 [ERROR] LogOutputStream:75 - [STDERR_REDIRECT] WARNING: Couldn't flush system prefs: java.util.prefs.BackingStoreException: Couldn't get file lock.
2026-02-07 23:17:55,506 [ERROR] LogOutputStream:75 - [STDERR_REDIRECT] 
2026-02-07 23:18:25,505 [ERROR] LogOutputStream:75 - [STDERR_REDIRECT] Feb 07, 2026 11:18:25 PM java.util.prefs.FileSystemPreferences checkLockFile0ErrorCode
2026-02-07 23:18:25,505 [ERROR] LogOutputStream:75 - [STDERR_REDIRECT] WARNING: Could not lock System prefs. Unix error code 2.
2026-02-07 23:18:25,506 [ERROR] LogOutputStream:75 - [STDERR_REDIRECT] 
2026-02-07 23:18:25,506 [ERROR] LogOutputStream:75 - [STDERR_REDIRECT] Feb 07, 2026 11:18:25 PM java.util.prefs.FileSystemPreferences syncWorld
2026-02-07 23:18:25,506 [ERROR] LogOutputStream:75 - [STDERR_REDIRECT] WARNING: Couldn't flush system prefs: java.util.prefs.BackingStoreException: Couldn't get file lock.
2026-02-07 23:18:25,506 [ERROR] LogOutputStream:75 - [STDERR_REDIRECT] 
2026-02-07 23:18:55,505 [ERROR] LogOutputStream:75 - [STDERR_REDIRECT] Feb 07, 2026 11:18:55 PM java.util.prefs.FileSystemPreferences checkLockFile0ErrorCode
2026-02-07 23:18:55,505 [ERROR] LogOutputStream:75 - [STDERR_REDIRECT] WARNING: Could not lock System prefs. Unix error code 2.
2026-02-07 23:18:55,505 [ERROR] LogOutputStream:75 - [STDERR_REDIRECT] 
2026-02-07 23:18:55,506 [ERROR] LogOutputStream:75 - [STDERR_REDIRECT] Feb 07, 2026 11:18:55 PM java.util.prefs.FileSystemPreferences syncWorld
2026-02-07 23:18:55,506 [ERROR] LogOutputStream:75 - [STDERR_REDIRECT] WARNING: Couldn't flush system prefs: java.util.prefs.BackingStoreException: Couldn't get file lock.
2026-02-07 23:18:55,506 [ERROR] LogOutputStream:75 - [STDERR_REDIRECT] 
2026-02-07 23:19:25,505 [ERROR] LogOutputStream:75 - [STDERR_REDIRECT] Feb 07, 2026 11:19:25 PM java.util.prefs.FileSystemPreferences checkLockFile0ErrorCode
2026-02-07 23:19:25,506 [ERROR] LogOutputStream:75 - [STDERR_REDIRECT] WARNING: Could not lock System prefs. Unix error code 2.
2026-02-07 23:19:25,506 [ERROR] LogOutputStream:75 - [STDERR_REDIRECT] 
2026-02-07 23:19:25,506 [ERROR] LogOutputStream:75 - [STDERR_REDIRECT] Feb 07, 2026 11:19:25 PM java.util.prefs.FileSystemPreferences syncWorld
2026-02-07 23:19:25,506 [ERROR] LogOutputStream:75 - [STDERR_REDIRECT] WARNING: Couldn't flush system prefs: java.util.prefs.BackingStoreException: Couldn't get file lock.
2026-02-07 23:19:25,506 [ERROR] LogOutputStream:75 - [STDERR_REDIRECT] 
2026-02-07 23:19:55,506 [ERROR] LogOutputStream:75 - [STDERR_REDIRECT] Feb 07, 2026 11:19:55 PM java.util.prefs.FileSystemPreferences checkLockFile0ErrorCode
2026-02-07 23:19:55,506 [ERROR] LogOutputStream:75 - [STDERR_REDIRECT] WARNING: Could not lock System prefs. Unix error code 2.
2026-02-07 23:19:55,506 [ERROR] LogOutputStream:75 - [STDERR_REDIRECT] 
2026-02-07 23:19:55,507 [ERROR] LogOutputStream:75 - [STDERR_REDIRECT] Feb 07, 2026 11:19:55 PM java.util.prefs.FileSystemPreferences syncWorld
2026-02-07 23:19:55,507 [ERROR] LogOutputStream:75 - [STDERR_REDIRECT] WARNING: Couldn't flush system prefs: java.util.prefs.BackingStoreException: Couldn't get file lock.
2026-02-07 23:19:55,507 [ERROR] LogOutputStream:75 - [STDERR_REDIRECT] 
2026-02-07 23:20:25,507 [ERROR] LogOutputStream:75 - [STDERR_REDIRECT] Feb 07, 2026 11:20:25 PM java.util.prefs.FileSystemPreferences checkLockFile0ErrorCode
2026-02-07 23:20:25,508 [ERROR] LogOutputStream:75 - [STDERR_REDIRECT] WARNING: Could not lock System prefs. Unix error code 2.
2026-02-07 23:20:25,508 [ERROR] LogOutputStream:75 - [STDERR_REDIRECT] 
2026-02-07 23:20:25,508 [ERROR] LogOutputStream:75 - [STDERR_REDIRECT] Feb 07, 2026 11:20:25 PM java.util.prefs.FileSystemPreferences syncWorld
2026-02-07 23:20:25,508 [ERROR] LogOutputStream:75 - [STDERR_REDIRECT] WARNING: Couldn't flush system prefs: java.util.prefs.BackingStoreException: Couldn't get file lock.
2026-02-07 23:20:25,508 [ERROR] LogOutputStream:75 - [STDERR_REDIRECT] 
2026-02-07 23:20:55,507 [ERROR] LogOutputStream:75 - [STDERR_REDIRECT] Feb 07, 2026 11:20:55 PM java.util.prefs.FileSystemPreferences checkLockFile0ErrorCode
2026-02-07 23:20:55,507 [ERROR] LogOutputStream:75 - [STDERR_REDIRECT] WARNING: Could not lock System prefs. Unix error code 2.
2026-02-07 23:20:55,507 [ERROR] LogOutputStream:75 - [STDERR_REDIRECT] 
2026-02-07 23:20:55,508 [ERROR] LogOutputStream:75 - [STDERR_REDIRECT] Feb 07, 2026 11:20:55 PM java.util.prefs.FileSystemPreferences syncWorld
2026-02-07 23:20:55,508 [ERROR] LogOutputStream:75 - [STDERR_REDIRECT] WARNING: Couldn't flush system prefs: java.util.prefs.BackingStoreException: Couldn't get file lock.
2026-02-07 23:20:55,508 [ERROR] LogOutputStream:75 - [STDERR_REDIRECT] 
2026-02-07 23:21:25,508 [ERROR] LogOutputStream:75 - [STDERR_REDIRECT] Feb 07, 2026 11:21:25 PM java.util.prefs.FileSystemPreferences checkLockFile0ErrorCode
2026-02-07 23:21:25,508 [ERROR] LogOutputStream:75 - [STDERR_REDIRECT] WARNING: Could not lock System prefs. Unix error code 2.
2026-02-07 23:21:25,508 [ERROR] LogOutputStream:75 - [STDERR_REDIRECT] 
2026-02-07 23:21:25,508 [ERROR] LogOutputStream:75 - [STDERR_REDIRECT] Feb 07, 2026 11:21:25 PM java.util.prefs.FileSystemPreferences syncWorld
2026-02-07 23:21:25,509 [ERROR] LogOutputStream:75 - [STDERR_REDIRECT] WARNING: Couldn't flush system prefs: java.util.prefs.BackingStoreException: Couldn't get file lock.
2026-02-07 23:21:25,509 [ERROR] LogOutputStream:75 - [STDERR_REDIRECT] 
2026-02-07 23:21:55,506 [ERROR] LogOutputStream:75 - [STDERR_REDIRECT] Feb 07, 2026 11:21:55 PM java.util.prefs.FileSystemPreferences checkLockFile0ErrorCode
2026-02-07 23:21:55,506 [ERROR] LogOutputStream:75 - [STDERR_REDIRECT] WARNING: Could not lock System prefs. Unix error code 2.
2026-02-07 23:21:55,506 [ERROR] LogOutputStream:75 - [STDERR_REDIRECT] 
2026-02-07 23:21:55,507 [ERROR] LogOutputStream:75 - [STDERR_REDIRECT] Feb 07, 2026 11:21:55 PM java.util.prefs.FileSystemPreferences syncWorld
2026-02-07 23:21:55,507 [ERROR] LogOutputStream:75 - [STDERR_REDIRECT] WARNING: Couldn't flush system prefs: java.util.prefs.BackingStoreException: Couldn't get file lock.
2026-02-07 23:21:55,507 [ERROR] LogOutputStream:75 - [STDERR_REDIRECT] 
2026-02-07 23:22:25,508 [ERROR] LogOutputStream:75 - [STDERR_REDIRECT] Feb 07, 2026 11:22:25 PM java.util.prefs.FileSystemPreferences checkLockFile0ErrorCode
2026-02-07 23:22:25,508 [ERROR] LogOutputStream:75 - [STDERR_REDIRECT] WARNING: Could not lock System prefs. Unix error code 2.
2026-02-07 23:22:25,508 [ERROR] LogOutputStream:75 - [STDERR_REDIRECT] 
2026-02-07 23:22:25,509 [ERROR] LogOutputStream:75 - [STDERR_REDIRECT] Feb 07, 2026 11:22:25 PM java.util.prefs.FileSystemPreferences syncWorld
2026-02-07 23:22:25,509 [ERROR] LogOutputStream:75 - [STDERR_REDIRECT] WARNING: Couldn't flush system prefs: java.util.prefs.BackingStoreException: Couldn't get file lock.
2026-02-07 23:22:25,509 [ERROR] LogOutputStream:75 - [STDERR_REDIRECT] 
2026-02-07 23:22:27,795 [INFO] WebApp:194 - Connection lost
2026-02-07 23:22:27,994 [INFO] WebApp:191 - Connection restablished
2026-02-07 23:22:55,508 [ERROR] LogOutputStream:75 - [STDERR_REDIRECT] Feb 07, 2026 11:22:55 PM java.util.prefs.FileSystemPreferences checkLockFile0ErrorCode
2026-02-07 23:22:55,508 [ERROR] LogOutputStream:75 - [STDERR_REDIRECT] WARNING: Could not lock System prefs. Unix error code 2.
2026-02-07 23:22:55,508 [ERROR] LogOutputStream:75 - [STDERR_REDIRECT] 
2026-02-07 23:22:55,508 [ERROR] LogOutputStream:75 - [STDERR_REDIRECT] Feb 07, 2026 11:22:55 PM java.util.prefs.FileSystemPreferences syncWorld
2026-02-07 23:22:55,509 [ERROR] LogOutputStream:75 - [STDERR_REDIRECT] WARNING: Couldn't flush system prefs: java.util.prefs.BackingStoreException: Couldn't get file lock.
2026-02-07 23:22:55,509 [ERROR] LogOutputStream:75 - [STDERR_REDIRECT] 
2026-02-07 23:23:25,509 [ERROR] LogOutputStream:75 - [STDERR_REDIRECT] Feb 07, 2026 11:23:25 PM java.util.prefs.FileSystemPreferences checkLockFile0ErrorCode
2026-02-07 23:23:25,509 [ERROR] LogOutputStream:75 - [STDERR_REDIRECT] WARNING: Could not lock System prefs. Unix error code 2.
2026-02-07 23:23:25,510 [ERROR] LogOutputStream:75 - [STDERR_REDIRECT] 
2026-02-07 23:23:25,510 [ERROR] LogOutputStream:75 - [STDERR_REDIRECT] Feb 07, 2026 11:23:25 PM java.util.prefs.FileSystemPreferences syncWorld
2026-02-07 23:23:25,510 [ERROR] LogOutputStream:75 - [STDERR_REDIRECT] WARNING: Couldn't flush system prefs: java.util.prefs.BackingStoreException: Couldn't get file lock.
2026-02-07 23:23:25,510 [ERROR] LogOutputStream:75 - [STDERR_REDIRECT] 
2026-02-07 23:23:55,509 [ERROR] LogOutputStream:75 - [STDERR_REDIRECT] Feb 07, 2026 11:23:55 PM java.util.prefs.FileSystemPreferences checkLockFile0ErrorCode
2026-02-07 23:23:55,510 [ERROR] LogOutputStream:75 - [STDERR_REDIRECT] WARNING: Could not lock System prefs. Unix error code 2.
2026-02-07 23:23:55,510 [ERROR] LogOutputStream:75 - [STDERR_REDIRECT] 
2026-02-07 23:23:55,510 [ERROR] LogOutputStream:75 - [STDERR_REDIRECT] Feb 07, 2026 11:23:55 PM java.util.prefs.FileSystemPreferences syncWorld
2026-02-07 23:23:55,510 [ERROR] LogOutputStream:75 - [STDERR_REDIRECT] WARNING: Couldn't flush system prefs: java.util.prefs.BackingStoreException: Couldn't get file lock.
2026-02-07 23:23:55,511 [ERROR] LogOutputStream:75 - [STDERR_REDIRECT] 
2026-02-07 23:24:11,348 [INFO] WebApp:194 - Connection lost
2026-02-07 23:24:11,751 [INFO] WebApp:191 - Connection restablished
2026-02-07 23:24:25,509 [ERROR] LogOutputStream:75 - [STDERR_REDIRECT] Feb 07, 2026 11:24:25 PM java.util.prefs.FileSystemPreferences checkLockFile0ErrorCode
2026-02-07 23:24:25,510 [ERROR] LogOutputStream:75 - [STDERR_REDIRECT] WARNING: Could not lock System prefs. Unix error code 2.
2026-02-07 23:24:25,510 [ERROR] LogOutputStream:75 - [STDERR_REDIRECT] 
2026-02-07 23:24:25,510 [ERROR] LogOutputStream:75 - [STDERR_REDIRECT] Feb 07, 2026 11:24:25 PM java.util.prefs.FileSystemPreferences syncWorld
2026-02-07 23:24:25,510 [ERROR] LogOutputStream:75 - [STDERR_REDIRECT] WARNING: Couldn't flush system prefs: java.util.prefs.BackingStoreException: Couldn't get file lock.
2026-02-07 23:24:25,510 [ERROR] LogOutputStream:75 - [STDERR_REDIRECT] 
2026-02-07 23:24:55,508 [ERROR] LogOutputStream:75 - [STDERR_REDIRECT] Feb 07, 2026 11:24:55 PM java.util.prefs.FileSystemPreferences checkLockFile0ErrorCode
2026-02-07 23:24:55,509 [ERROR] LogOutputStream:75 - [STDERR_REDIRECT] WARNING: Could not lock System prefs. Unix error code 2.
2026-02-07 23:24:55,509 [ERROR] LogOutputStream:75 - [STDERR_REDIRECT] 
2026-02-07 23:24:55,509 [ERROR] LogOutputStream:75 - [STDERR_REDIRECT] Feb 07, 2026 11:24:55 PM java.util.prefs.FileSystemPreferences syncWorld
2026-02-07 23:24:55,509 [ERROR] LogOutputStream:75 - [STDERR_REDIRECT] WARNING: Couldn't flush system prefs: java.util.prefs.BackingStoreException: Couldn't get file lock.
2026-02-07 23:24:55,509 [ERROR] LogOutputStream:75 - [STDERR_REDIRECT] 
2026-02-07 23:25:25,509 [ERROR] LogOutputStream:75 - [STDERR_REDIRECT] Feb 07, 2026 11:25:25 PM java.util.prefs.FileSystemPreferences checkLockFile0ErrorCode
2026-02-07 23:25:25,509 [ERROR] LogOutputStream:75 - [STDERR_REDIRECT] WARNING: Could not lock System prefs. Unix error code 2.
2026-02-07 23:25:25,509 [ERROR] LogOutputStream:75 - [STDERR_REDIRECT] 
2026-02-07 23:25:25,510 [ERROR] LogOutputStream:75 - [STDERR_REDIRECT] Feb 07, 2026 11:25:25 PM java.util.prefs.FileSystemPreferences syncWorld
2026-02-07 23:25:25,510 [ERROR] LogOutputStream:75 - [STDERR_REDIRECT] WARNING: Couldn't flush system prefs: java.util.prefs.BackingStoreException: Couldn't get file lock.
2026-02-07 23:25:25,510 [ERROR] LogOutputStream:75 - [STDERR_REDIRECT] 
2026-02-07 23:25:55,510 [ERROR] LogOutputStream:75 - [STDERR_REDIRECT] Feb 07, 2026 11:25:55 PM java.util.prefs.FileSystemPreferences checkLockFile0ErrorCode
2026-02-07 23:25:55,511 [ERROR] LogOutputStream:75 - [STDERR_REDIRECT] WARNING: Could not lock System prefs. Unix error code 2.
2026-02-07 23:25:55,511 [ERROR] LogOutputStream:75 - [STDERR_REDIRECT] 
2026-02-07 23:25:55,511 [ERROR] LogOutputStream:75 - [STDERR_REDIRECT] Feb 07, 2026 11:25:55 PM java.util.prefs.FileSystemPreferences syncWorld
2026-02-07 23:25:55,512 [ERROR] LogOutputStream:75 - [STDERR_REDIRECT] WARNING: Couldn't flush system prefs: java.util.prefs.BackingStoreException: Couldn't get file lock.
2026-02-07 23:25:55,512 [ERROR] LogOutputStream:75 - [STDERR_REDIRECT] 
2026-02-07 23:26:25,509 [ERROR] LogOutputStream:75 - [STDERR_REDIRECT] Feb 07, 2026 11:26:25 PM java.util.prefs.FileSystemPreferences checkLockFile0ErrorCode
2026-02-07 23:26:25,510 [ERROR] LogOutputStream:75 - [STDERR_REDIRECT] WARNING: Could not lock System prefs. Unix error code 2.
2026-02-07 23:26:25,510 [ERROR] LogOutputStream:75 - [STDERR_REDIRECT] 
2026-02-07 23:26:25,511 [ERROR] LogOutputStream:75 - [STDERR_REDIRECT] Feb 07, 2026 11:26:25 PM java.util.prefs.FileSystemPreferences syncWorld
2026-02-07 23:26:25,511 [ERROR] LogOutputStream:75 - [STDERR_REDIRECT] WARNING: Couldn't flush system prefs: java.util.prefs.BackingStoreException: Couldn't get file lock.
2026-02-07 23:26:25,511 [ERROR] LogOutputStream:75 - [STDERR_REDIRECT] 
2026-02-07 23:26:55,510 [ERROR] LogOutputStream:75 - [STDERR_REDIRECT] Feb 07, 2026 11:26:55 PM java.util.prefs.FileSystemPreferences checkLockFile0ErrorCode
2026-02-07 23:26:55,510 [ERROR] LogOutputStream:75 - [STDERR_REDIRECT] WARNING: Could not lock System prefs. Unix error code 2.
2026-02-07 23:26:55,511 [ERROR] LogOutputStream:75 - [STDERR_REDIRECT] 
2026-02-07 23:26:55,511 [ERROR] LogOutputStream:75 - [STDERR_REDIRECT] Feb 07, 2026 11:26:55 PM java.util.prefs.FileSystemPreferences syncWorld
2026-02-07 23:26:55,511 [ERROR] LogOutputStream:75 - [STDERR_REDIRECT] WARNING: Couldn't flush system prefs: java.util.prefs.BackingStoreException: Couldn't get file lock.
2026-02-07 23:26:55,511 [ERROR] LogOutputStream:75 - [STDERR_REDIRECT] 
2026-02-07 23:27:25,510 [ERROR] LogOutputStream:75 - [STDERR_REDIRECT] Feb 07, 2026 11:27:25 PM java.util.prefs.FileSystemPreferences checkLockFile0ErrorCode
2026-02-07 23:27:25,510 [ERROR] LogOutputStream:75 - [STDERR_REDIRECT] WARNING: Could not lock System prefs. Unix error code 2.
2026-02-07 23:27:25,510 [ERROR] LogOutputStream:75 - [STDERR_REDIRECT] 
2026-02-07 23:27:25,511 [ERROR] LogOutputStream:75 - [STDERR_REDIRECT] Feb 07, 2026 11:27:25 PM java.util.prefs.FileSystemPreferences syncWorld
2026-02-07 23:27:25,511 [ERROR] LogOutputStream:75 - [STDERR_REDIRECT] WARNING: Couldn't flush system prefs: java.util.prefs.BackingStoreException: Couldn't get file lock.
2026-02-07 23:27:25,511 [ERROR] LogOutputStream:75 - [STDERR_REDIRECT] 
2026-02-07 23:27:55,511 [ERROR] LogOutputStream:75 - [STDERR_REDIRECT] Feb 07, 2026 11:27:55 PM java.util.prefs.FileSystemPreferences checkLockFile0ErrorCode
2026-02-07 23:27:55,511 [ERROR] LogOutputStream:75 - [STDERR_REDIRECT] WARNING: Could not lock System prefs. Unix error code 2.
2026-02-07 23:27:55,511 [ERROR] LogOutputStream:75 - [STDERR_REDIRECT] 
2026-02-07 23:27:55,511 [ERROR] LogOutputStream:75 - [STDERR_REDIRECT] Feb 07, 2026 11:27:55 PM java.util.prefs.FileSystemPreferences syncWorld
2026-02-07 23:27:55,512 [ERROR] LogOutputStream:75 - [STDERR_REDIRECT] WARNING: Couldn't flush system prefs: java.util.prefs.BackingStoreException: Couldn't get file lock.
2026-02-07 23:27:55,512 [ERROR] LogOutputStream:75 - [STDERR_REDIRECT] 
2026-02-07 23:28:25,511 [ERROR] LogOutputStream:75 - [STDERR_REDIRECT] Feb 07, 2026 11:28:25 PM java.util.prefs.FileSystemPreferences checkLockFile0ErrorCode
2026-02-07 23:28:25,511 [ERROR] LogOutputStream:75 - [STDERR_REDIRECT] WARNING: Could not lock System prefs. Unix error code 2.
2026-02-07 23:28:25,511 [ERROR] LogOutputStream:75 - [STDERR_REDIRECT] 
2026-02-07 23:28:25,512 [ERROR] LogOutputStream:75 - [STDERR_REDIRECT] Feb 07, 2026 11:28:25 PM java.util.prefs.FileSystemPreferences syncWorld
2026-02-07 23:28:25,512 [ERROR] LogOutputStream:75 - [STDERR_REDIRECT] WARNING: Couldn't flush system prefs: java.util.prefs.BackingStoreException: Couldn't get file lock.
2026-02-07 23:28:25,512 [ERROR] LogOutputStream:75 - [STDERR_REDIRECT] 
2026-02-07 23:28:55,511 [ERROR] LogOutputStream:75 - [STDERR_REDIRECT] Feb 07, 2026 11:28:55 PM java.util.prefs.FileSystemPreferences checkLockFile0ErrorCode
2026-02-07 23:28:55,511 [ERROR] LogOutputStream:75 - [STDERR_REDIRECT] WARNING: Could not lock System prefs. Unix error code 2.
2026-02-07 23:28:55,511 [ERROR] LogOutputStream:75 - [STDERR_REDIRECT] 
2026-02-07 23:28:55,512 [ERROR] LogOutputStream:75 - [STDERR_REDIRECT] Feb 07, 2026 11:28:55 PM java.util.prefs.FileSystemPreferences syncWorld
2026-02-07 23:28:55,512 [ERROR] LogOutputStream:75 - [STDERR_REDIRECT] WARNING: Couldn't flush system prefs: java.util.prefs.BackingStoreException: Couldn't get file lock.
2026-02-07 23:28:55,512 [ERROR] LogOutputStream:75 - [STDERR_REDIRECT] 
2026-02-07 23:29:15,939 [INFO] WebApp:194 - Connection lost
2026-02-07 23:29:16,453 [INFO] WebApp:191 - Connection restablished
2026-02-07 23:29:25,512 [ERROR] LogOutputStream:75 - [STDERR_REDIRECT] Feb 07, 2026 11:29:25 PM java.util.prefs.FileSystemPreferences checkLockFile0ErrorCode
2026-02-07 23:29:25,512 [ERROR] LogOutputStream:75 - [STDERR_REDIRECT] WARNING: Could not lock System prefs. Unix error code 2.
2026-02-07 23:29:25,513 [ERROR] LogOutputStream:75 - [STDERR_REDIRECT] 
2026-02-07 23:29:25,513 [ERROR] LogOutputStream:75 - [STDERR_REDIRECT] Feb 07, 2026 11:29:25 PM java.util.prefs.FileSystemPreferences syncWorld
2026-02-07 23:29:25,513 [ERROR] LogOutputStream:75 - [STDERR_REDIRECT] WARNING: Couldn't flush system prefs: java.util.prefs.BackingStoreException: Couldn't get file lock.
2026-02-07 23:29:25,513 [ERROR] LogOutputStream:75 - [STDERR_REDIRECT] 
2026-02-07 23:29:50,483 [INFO] WebApp:194 - Connection lost
2026-02-07 23:29:51,027 [INFO] WebApp:191 - Connection restablished
2026-02-07 23:29:55,511 [ERROR] LogOutputStream:75 - [STDERR_REDIRECT] Feb 07, 2026 11:29:55 PM java.util.prefs.FileSystemPreferences checkLockFile0ErrorCode
2026-02-07 23:29:55,511 [ERROR] LogOutputStream:75 - [STDERR_REDIRECT] WARNING: Could not lock System prefs. Unix error code 2.
2026-02-07 23:29:55,511 [ERROR] LogOutputStream:75 - [STDERR_REDIRECT] 
2026-02-07 23:29:55,511 [ERROR] LogOutputStream:75 - [STDERR_REDIRECT] Feb 07, 2026 11:29:55 PM java.util.prefs.FileSystemPreferences syncWorld
2026-02-07 23:29:55,512 [ERROR] LogOutputStream:75 - [STDERR_REDIRECT] WARNING: Couldn't flush system prefs: java.util.prefs.BackingStoreException: Couldn't get file lock.
2026-02-07 23:29:55,512 [ERROR] LogOutputStream:75 - [STDERR_REDIRECT] 
2026-02-07 23:30:25,511 [ERROR] LogOutputStream:75 - [STDERR_REDIRECT] Feb 07, 2026 11:30:25 PM java.util.prefs.FileSystemPreferences checkLockFile0ErrorCode
2026-02-07 23:30:25,512 [ERROR] LogOutputStream:75 - [STDERR_REDIRECT] WARNING: Could not lock System prefs. Unix error code 2.
2026-02-07 23:30:25,512 [ERROR] LogOutputStream:75 - [STDERR_REDIRECT] 
2026-02-07 23:30:25,512 [ERROR] LogOutputStream:75 - [STDERR_REDIRECT] Feb 07, 2026 11:30:25 PM java.util.prefs.FileSystemPreferences syncWorld
2026-02-07 23:30:25,512 [ERROR] LogOutputStream:75 - [STDERR_REDIRECT] WARNING: Couldn't flush system prefs: java.util.prefs.BackingStoreException: Couldn't get file lock.
2026-02-07 23:30:25,512 [ERROR] LogOutputStream:75 - [STDERR_REDIRECT] 
2026-02-07 23:30:55,512 [ERROR] LogOutputStream:75 - [STDERR_REDIRECT] Feb 07, 2026 11:30:55 PM java.util.prefs.FileSystemPreferences checkLockFile0ErrorCode
2026-02-07 23:30:55,512 [ERROR] LogOutputStream:75 - [STDERR_REDIRECT] WARNING: Could not lock System prefs. Unix error code 2.
2026-02-07 23:30:55,512 [ERROR] LogOutputStream:75 - [STDERR_REDIRECT] 
2026-02-07 23:30:55,513 [ERROR] LogOutputStream:75 - [STDERR_REDIRECT] Feb 07, 2026 11:30:55 PM java.util.prefs.FileSystemPreferences syncWorld
2026-02-07 23:30:55,513 [ERROR] LogOutputStream:75 - [STDERR_REDIRECT] WARNING: Couldn't flush system prefs: java.util.prefs.BackingStoreException: Couldn't get file lock.
2026-02-07 23:30:55,513 [ERROR] LogOutputStream:75 - [STDERR_REDIRECT] 
2026-02-07 23:31:25,513 [ERROR] LogOutputStream:75 - [STDERR_REDIRECT] Feb 07, 2026 11:31:25 PM java.util.prefs.FileSystemPreferences checkLockFile0ErrorCode
2026-02-07 23:31:25,513 [ERROR] LogOutputStream:75 - [STDERR_REDIRECT] WARNING: Could not lock System prefs. Unix error code 2.
2026-02-07 23:31:25,513 [ERROR] LogOutputStream:75 - [STDERR_REDIRECT] 
2026-02-07 23:31:25,514 [ERROR] LogOutputStream:75 - [STDERR_REDIRECT] Feb 07, 2026 11:31:25 PM java.util.prefs.FileSystemPreferences syncWorld
2026-02-07 23:31:25,514 [ERROR] LogOutputStream:75 - [STDERR_REDIRECT] WARNING: Couldn't flush system prefs: java.util.prefs.BackingStoreException: Couldn't get file lock.
2026-02-07 23:31:25,514 [ERROR] LogOutputStream:75 - [STDERR_REDIRECT] 
2026-02-07 23:31:55,514 [ERROR] LogOutputStream:75 - [STDERR_REDIRECT] Feb 07, 2026 11:31:55 PM java.util.prefs.FileSystemPreferences checkLockFile0ErrorCode
2026-02-07 23:31:55,514 [ERROR] LogOutputStream:75 - [STDERR_REDIRECT] WARNING: Could not lock System prefs. Unix error code 2.
2026-02-07 23:31:55,514 [ERROR] LogOutputStream:75 - [STDERR_REDIRECT] 
2026-02-07 23:31:55,514 [ERROR] LogOutputStream:75 - [STDERR_REDIRECT] Feb 07, 2026 11:31:55 PM java.util.prefs.FileSystemPreferences syncWorld
2026-02-07 23:31:55,515 [ERROR] LogOutputStream:75 - [STDERR_REDIRECT] WARNING: Couldn't flush system prefs: java.util.prefs.BackingStoreException: Couldn't get file lock.
2026-02-07 23:31:55,515 [ERROR] LogOutputStream:75 - [STDERR_REDIRECT] 
2026-02-07 23:32:25,514 [ERROR] LogOutputStream:75 - [STDERR_REDIRECT] Feb 07, 2026 11:32:25 PM java.util.prefs.FileSystemPreferences checkLockFile0ErrorCode
2026-02-07 23:32:25,514 [ERROR] LogOutputStream:75 - [STDERR_REDIRECT] WARNING: Could not lock System prefs. Unix error code 2.
2026-02-07 23:32:25,514 [ERROR] LogOutputStream:75 - [STDERR_REDIRECT] 
2026-02-07 23:32:25,515 [ERROR] LogOutputStream:75 - [STDERR_REDIRECT] Feb 07, 2026 11:32:25 PM java.util.prefs.FileSystemPreferences syncWorld
2026-02-07 23:32:25,515 [ERROR] LogOutputStream:75 - [STDERR_REDIRECT] WARNING: Couldn't flush system prefs: java.util.prefs.BackingStoreException: Couldn't get file lock.
2026-02-07 23:32:25,515 [ERROR] LogOutputStream:75 - [STDERR_REDIRECT] 
2026-02-07 23:32:55,514 [ERROR] LogOutputStream:75 - [STDERR_REDIRECT] Feb 07, 2026 11:32:55 PM java.util.prefs.FileSystemPreferences checkLockFile0ErrorCode
2026-02-07 23:32:55,515 [ERROR] LogOutputStream:75 - [STDERR_REDIRECT] WARNING: Could not lock System prefs. Unix error code 2.
2026-02-07 23:32:55,515 [ERROR] LogOutputStream:75 - [STDERR_REDIRECT] 
2026-02-07 23:32:55,515 [ERROR] LogOutputStream:75 - [STDERR_REDIRECT] Feb 07, 2026 11:32:55 PM java.util.prefs.FileSystemPreferences syncWorld
2026-02-07 23:32:55,515 [ERROR] LogOutputStream:75 - [STDERR_REDIRECT] WARNING: Couldn't flush system prefs: java.util.prefs.BackingStoreException: Couldn't get file lock.
2026-02-07 23:32:55,516 [ERROR] LogOutputStream:75 - [STDERR_REDIRECT] 
2026-02-07 23:33:25,513 [ERROR] LogOutputStream:75 - [STDERR_REDIRECT] Feb 07, 2026 11:33:25 PM java.util.prefs.FileSystemPreferences checkLockFile0ErrorCode
2026-02-07 23:33:25,513 [ERROR] LogOutputStream:75 - [STDERR_REDIRECT] WARNING: Could not lock System prefs. Unix error code 2.
2026-02-07 23:33:25,513 [ERROR] LogOutputStream:75 - [STDERR_REDIRECT] 
2026-02-07 23:33:25,514 [ERROR] LogOutputStream:75 - [STDERR_REDIRECT] Feb 07, 2026 11:33:25 PM java.util.prefs.FileSystemPreferences syncWorld
2026-02-07 23:33:25,514 [ERROR] LogOutputStream:75 - [STDERR_REDIRECT] WARNING: Couldn't flush system prefs: java.util.prefs.BackingStoreException: Couldn't get file lock.
2026-02-07 23:33:25,514 [ERROR] LogOutputStream:75 - [STDERR_REDIRECT] 
2026-02-07 23:33:55,513 [ERROR] LogOutputStream:75 - [STDERR_REDIRECT] Feb 07, 2026 11:33:55 PM java.util.prefs.FileSystemPreferences checkLockFile0ErrorCode
2026-02-07 23:33:55,513 [ERROR] LogOutputStream:75 - [STDERR_REDIRECT] WARNING: Could not lock System prefs. Unix error code 2.
2026-02-07 23:33:55,513 [ERROR] LogOutputStream:75 - [STDERR_REDIRECT] 
2026-02-07 23:33:55,513 [ERROR] LogOutputStream:75 - [STDERR_REDIRECT] Feb 07, 2026 11:33:55 PM java.util.prefs.FileSystemPreferences syncWorld
2026-02-07 23:33:55,514 [ERROR] LogOutputStream:75 - [STDERR_REDIRECT] WARNING: Couldn't flush system prefs: java.util.prefs.BackingStoreException: Couldn't get file lock.
2026-02-07 23:33:55,514 [ERROR] LogOutputStream:75 - [STDERR_REDIRECT] 
2026-02-07 23:34:25,513 [ERROR] LogOutputStream:75 - [STDERR_REDIRECT] Feb 07, 2026 11:34:25 PM java.util.prefs.FileSystemPreferences checkLockFile0ErrorCode
2026-02-07 23:34:25,513 [ERROR] LogOutputStream:75 - [STDERR_REDIRECT] WARNING: Could not lock System prefs. Unix error code 2.
2026-02-07 23:34:25,523 [ERROR] LogOutputStream:75 - [STDERR_REDIRECT] 
2026-02-07 23:34:25,523 [ERROR] LogOutputStream:75 - [STDERR_REDIRECT] Feb 07, 2026 11:34:25 PM java.util.prefs.FileSystemPreferences syncWorld
2026-02-07 23:34:25,524 [ERROR] LogOutputStream:75 - [STDERR_REDIRECT] WARNING: Couldn't flush system prefs: java.util.prefs.BackingStoreException: Couldn't get file lock.
2026-02-07 23:34:25,524 [ERROR] LogOutputStream:75 - [STDERR_REDIRECT] 
2026-02-07 23:34:55,371 [INFO] WebApp:194 - Connection lost
2026-02-07 23:34:55,513 [ERROR] LogOutputStream:75 - [STDERR_REDIRECT] Feb 07, 2026 11:34:55 PM java.util.prefs.FileSystemPreferences checkLockFile0ErrorCode
2026-02-07 23:34:55,513 [ERROR] LogOutputStream:75 - [STDERR_REDIRECT] WARNING: Could not lock System prefs. Unix error code 2.
2026-02-07 23:34:55,513 [ERROR] LogOutputStream:75 - [STDERR_REDIRECT] 
2026-02-07 23:34:55,513 [ERROR] LogOutputStream:75 - [STDERR_REDIRECT] Feb 07, 2026 11:34:55 PM java.util.prefs.FileSystemPreferences syncWorld
2026-02-07 23:34:55,514 [ERROR] LogOutputStream:75 - [STDERR_REDIRECT] WARNING: Couldn't flush system prefs: java.util.prefs.BackingStoreException: Couldn't get file lock.
2026-02-07 23:34:55,514 [ERROR] LogOutputStream:75 - [STDERR_REDIRECT] 
2026-02-07 23:34:55,556 [INFO] WebApp:191 - Connection restablished
2026-02-07 23:35:25,513 [ERROR] LogOutputStream:75 - [STDERR_REDIRECT] Feb 07, 2026 11:35:25 PM java.util.prefs.FileSystemPreferences checkLockFile0ErrorCode
2026-02-07 23:35:25,514 [ERROR] LogOutputStream:75 - [STDERR_REDIRECT] WARNING: Could not lock System prefs. Unix error code 2.
2026-02-07 23:35:25,514 [ERROR] LogOutputStream:75 - [STDERR_REDIRECT] 
2026-02-07 23:35:25,514 [ERROR] LogOutputStream:75 - [STDERR_REDIRECT] Feb 07, 2026 11:35:25 PM java.util.prefs.FileSystemPreferences syncWorld
2026-02-07 23:35:25,514 [ERROR] LogOutputStream:75 - [STDERR_REDIRECT] WARNING: Couldn't flush system prefs: java.util.prefs.BackingStoreException: Couldn't get file lock.
2026-02-07 23:35:25,514 [ERROR] LogOutputStream:75 - [STDERR_REDIRECT] 
2026-02-07 23:35:55,515 [ERROR] LogOutputStream:75 - [STDERR_REDIRECT] Feb 07, 2026 11:35:55 PM java.util.prefs.FileSystemPreferences checkLockFile0ErrorCode
2026-02-07 23:35:55,515 [ERROR] LogOutputStream:75 - [STDERR_REDIRECT] WARNING: Could not lock System prefs. Unix error code 2.
2026-02-07 23:35:55,515 [ERROR] LogOutputStream:75 - [STDERR_REDIRECT] 
2026-02-07 23:35:55,515 [ERROR] LogOutputStream:75 - [STDERR_REDIRECT] Feb 07, 2026 11:35:55 PM java.util.prefs.FileSystemPreferences syncWorld
2026-02-07 23:35:55,515 [ERROR] LogOutputStream:75 - [STDERR_REDIRECT] WARNING: Couldn't flush system prefs: java.util.prefs.BackingStoreException: Couldn't get file lock.
2026-02-07 23:35:55,515 [ERROR] LogOutputStream:75 - [STDERR_REDIRECT] 
2026-02-07 23:36:25,516 [ERROR] LogOutputStream:75 - [STDERR_REDIRECT] Feb 07, 2026 11:36:25 PM java.util.prefs.FileSystemPreferences checkLockFile0ErrorCode
2026-02-07 23:36:25,517 [ERROR] LogOutputStream:75 - [STDERR_REDIRECT] WARNING: Could not lock System prefs. Unix error code 2.
2026-02-07 23:36:25,517 [ERROR] LogOutputStream:75 - [STDERR_REDIRECT] 
2026-02-07 23:36:25,517 [ERROR] LogOutputStream:75 - [STDERR_REDIRECT] Feb 07, 2026 11:36:25 PM java.util.prefs.FileSystemPreferences syncWorld
2026-02-07 23:36:25,517 [ERROR] LogOutputStream:75 - [STDERR_REDIRECT] WARNING: Couldn't flush system prefs: java.util.prefs.BackingStoreException: Couldn't get file lock.
2026-02-07 23:36:25,517 [ERROR] LogOutputStream:75 - [STDERR_REDIRECT] 
2026-02-07 23:36:55,516 [ERROR] LogOutputStream:75 - [STDERR_REDIRECT] Feb 07, 2026 11:36:55 PM java.util.prefs.FileSystemPreferences checkLockFile0ErrorCode
2026-02-07 23:36:55,516 [ERROR] LogOutputStream:75 - [STDERR_REDIRECT] WARNING: Could not lock System prefs. Unix error code 2.
2026-02-07 23:36:55,516 [ERROR] LogOutputStream:75 - [STDERR_REDIRECT] 
2026-02-07 23:36:55,517 [ERROR] LogOutputStream:75 - [STDERR_REDIRECT] Feb 07, 2026 11:36:55 PM java.util.prefs.FileSystemPreferences syncWorld
2026-02-07 23:36:55,517 [ERROR] LogOutputStream:75 - [STDERR_REDIRECT] WARNING: Couldn't flush system prefs: java.util.prefs.BackingStoreException: Couldn't get file lock.
2026-02-07 23:36:55,517 [ERROR] LogOutputStream:75 - [STDERR_REDIRECT] 
2026-02-07 23:37:25,514 [ERROR] LogOutputStream:75 - [STDERR_REDIRECT] Feb 07, 2026 11:37:25 PM java.util.prefs.FileSystemPreferences checkLockFile0ErrorCode
2026-02-07 23:37:25,515 [ERROR] LogOutputStream:75 - [STDERR_REDIRECT] WARNING: Could not lock System prefs. Unix error code 2.
2026-02-07 23:37:25,515 [ERROR] LogOutputStream:75 - [STDERR_REDIRECT] 
2026-02-07 23:37:25,515 [ERROR] LogOutputStream:75 - [STDERR_REDIRECT] Feb 07, 2026 11:37:25 PM java.util.prefs.FileSystemPreferences syncWorld
2026-02-07 23:37:25,515 [ERROR] LogOutputStream:75 - [STDERR_REDIRECT] WARNING: Couldn't flush system prefs: java.util.prefs.BackingStoreException: Couldn't get file lock.
2026-02-07 23:37:25,515 [ERROR] LogOutputStream:75 - [STDERR_REDIRECT] 
2026-02-07 23:37:55,515 [ERROR] LogOutputStream:75 - [STDERR_REDIRECT] Feb 07, 2026 11:37:55 PM java.util.prefs.FileSystemPreferences checkLockFile0ErrorCode
2026-02-07 23:37:55,515 [ERROR] LogOutputStream:75 - [STDERR_REDIRECT] WARNING: Could not lock System prefs. Unix error code 2.
2026-02-07 23:37:55,515 [ERROR] LogOutputStream:75 - [STDERR_REDIRECT] 
2026-02-07 23:37:55,515 [ERROR] LogOutputStream:75 - [STDERR_REDIRECT] Feb 07, 2026 11:37:55 PM java.util.prefs.FileSystemPreferences syncWorld
2026-02-07 23:37:55,516 [ERROR] LogOutputStream:75 - [STDERR_REDIRECT] WARNING: Couldn't flush system prefs: java.util.prefs.BackingStoreException: Couldn't get file lock.
2026-02-07 23:37:55,516 [ERROR] LogOutputStream:75 - [STDERR_REDIRECT] 
2026-02-07 23:38:25,515 [ERROR] LogOutputStream:75 - [STDERR_REDIRECT] Feb 07, 2026 11:38:25 PM java.util.prefs.FileSystemPreferences checkLockFile0ErrorCode
2026-02-07 23:38:25,515 [ERROR] LogOutputStream:75 - [STDERR_REDIRECT] WARNING: Could not lock System prefs. Unix error code 2.
2026-02-07 23:38:25,516 [ERROR] LogOutputStream:75 - [STDERR_REDIRECT] 
2026-02-07 23:38:25,516 [ERROR] LogOutputStream:75 - [STDERR_REDIRECT] Feb 07, 2026 11:38:25 PM java.util.prefs.FileSystemPreferences syncWorld
2026-02-07 23:38:25,516 [ERROR] LogOutputStream:75 - [STDERR_REDIRECT] WARNING: Couldn't flush system prefs: java.util.prefs.BackingStoreException: Couldn't get file lock.
2026-02-07 23:38:25,516 [ERROR] LogOutputStream:75 - [STDERR_REDIRECT] 
2026-02-07 23:38:55,516 [ERROR] LogOutputStream:75 - [STDERR_REDIRECT] Feb 07, 2026 11:38:55 PM java.util.prefs.FileSystemPreferences checkLockFile0ErrorCode
2026-02-07 23:38:55,517 [ERROR] LogOutputStream:75 - [STDERR_REDIRECT] WARNING: Could not lock System prefs. Unix error code 2.
2026-02-07 23:38:55,517 [ERROR] LogOutputStream:75 - [STDERR_REDIRECT] 
2026-02-07 23:38:55,517 [ERROR] LogOutputStream:75 - [STDERR_REDIRECT] Feb 07, 2026 11:38:55 PM java.util.prefs.FileSystemPreferences syncWorld
2026-02-07 23:38:55,518 [ERROR] LogOutputStream:75 - [STDERR_REDIRECT] WARNING: Couldn't flush system prefs: java.util.prefs.BackingStoreException: Couldn't get file lock.
2026-02-07 23:38:55,518 [ERROR] LogOutputStream:75 - [STDERR_REDIRECT] 
2026-02-07 23:39:25,515 [ERROR] LogOutputStream:75 - [STDERR_REDIRECT] Feb 07, 2026 11:39:25 PM java.util.prefs.FileSystemPreferences checkLockFile0ErrorCode
2026-02-07 23:39:25,515 [ERROR] LogOutputStream:75 - [STDERR_REDIRECT] WARNING: Could not lock System prefs. Unix error code 2.
2026-02-07 23:39:25,515 [ERROR] LogOutputStream:75 - [STDERR_REDIRECT] 
2026-02-07 23:39:25,516 [ERROR] LogOutputStream:75 - [STDERR_REDIRECT] Feb 07, 2026 11:39:25 PM java.util.prefs.FileSystemPreferences syncWorld
2026-02-07 23:39:25,516 [ERROR] LogOutputStream:75 - [STDERR_REDIRECT] WARNING: Couldn't flush system prefs: java.util.prefs.BackingStoreException: Couldn't get file lock.
2026-02-07 23:39:25,516 [ERROR] LogOutputStream:75 - [STDERR_REDIRECT] 
2026-02-07 23:39:55,515 [ERROR] LogOutputStream:75 - [STDERR_REDIRECT] Feb 07, 2026 11:39:55 PM java.util.prefs.FileSystemPreferences checkLockFile0ErrorCode
2026-02-07 23:39:55,516 [ERROR] LogOutputStream:75 - [STDERR_REDIRECT] WARNING: Could not lock System prefs. Unix error code 2.
2026-02-07 23:39:55,516 [ERROR] LogOutputStream:75 - [STDERR_REDIRECT] 
2026-02-07 23:39:55,516 [ERROR] LogOutputStream:75 - [STDERR_REDIRECT] Feb 07, 2026 11:39:55 PM java.util.prefs.FileSystemPreferences syncWorld
2026-02-07 23:39:55,516 [ERROR] LogOutputStream:75 - [STDERR_REDIRECT] WARNING: Couldn't flush system prefs: java.util.prefs.BackingStoreException: Couldn't get file lock.
2026-02-07 23:39:55,516 [ERROR] LogOutputStream:75 - [STDERR_REDIRECT] 
2026-02-07 23:39:59,945 [INFO] WebApp:194 - Connection lost
2026-02-07 23:40:00,576 [INFO] WebApp:191 - Connection restablished
2026-02-07 23:40:25,516 [ERROR] LogOutputStream:75 - [STDERR_REDIRECT] Feb 07, 2026 11:40:25 PM java.util.prefs.FileSystemPreferences checkLockFile0ErrorCode
2026-02-07 23:40:25,516 [ERROR] LogOutputStream:75 - [STDERR_REDIRECT] WARNING: Could not lock System prefs. Unix error code 2.
2026-02-07 23:40:25,516 [ERROR] LogOutputStream:75 - [STDERR_REDIRECT] 
2026-02-07 23:40:25,517 [ERROR] LogOutputStream:75 - [STDERR_REDIRECT] Feb 07, 2026 11:40:25 PM java.util.prefs.FileSystemPreferences syncWorld
2026-02-07 23:40:25,517 [ERROR] LogOutputStream:75 - [STDERR_REDIRECT] WARNING: Couldn't flush system prefs: java.util.prefs.BackingStoreException: Couldn't get file lock.
2026-02-07 23:40:25,517 [ERROR] LogOutputStream:75 - [STDERR_REDIRECT] 
2026-02-07 23:40:34,478 [INFO] WebApp:194 - Connection lost
2026-02-07 23:40:35,140 [INFO] WebApp:191 - Connection restablished
2026-02-07 23:40:55,515 [ERROR] LogOutputStream:75 - [STDERR_REDIRECT] Feb 07, 2026 11:40:55 PM java.util.prefs.FileSystemPreferences checkLockFile0ErrorCode
2026-02-07 23:40:55,516 [ERROR] LogOutputStream:75 - [STDERR_REDIRECT] WARNING: Could not lock System prefs. Unix error code 2.
2026-02-07 23:40:55,516 [ERROR] LogOutputStream:75 - [STDERR_REDIRECT] 
2026-02-07 23:40:55,516 [ERROR] LogOutputStream:75 - [STDERR_REDIRECT] Feb 07, 2026 11:40:55 PM java.util.prefs.FileSystemPreferences syncWorld
2026-02-07 23:40:55,516 [ERROR] LogOutputStream:75 - [STDERR_REDIRECT] WARNING: Couldn't flush system prefs: java.util.prefs.BackingStoreException: Couldn't get file lock.
2026-02-07 23:40:55,516 [ERROR] LogOutputStream:75 - [STDERR_REDIRECT] 
2026-02-07 23:41:25,516 [ERROR] LogOutputStream:75 - [STDERR_REDIRECT] Feb 07, 2026 11:41:25 PM java.util.prefs.FileSystemPreferences checkLockFile0ErrorCode
2026-02-07 23:41:25,516 [ERROR] LogOutputStream:75 - [STDERR_REDIRECT] WARNING: Could not lock System prefs. Unix error code 2.
2026-02-07 23:41:25,517 [ERROR] LogOutputStream:75 - [STDERR_REDIRECT] 
2026-02-07 23:41:25,517 [ERROR] LogOutputStream:75 - [STDERR_REDIRECT] Feb 07, 2026 11:41:25 PM java.util.prefs.FileSystemPreferences syncWorld
2026-02-07 23:41:25,517 [ERROR] LogOutputStream:75 - [STDERR_REDIRECT] WARNING: Couldn't flush system prefs: java.util.prefs.BackingStoreException: Couldn't get file lock.
2026-02-07 23:41:25,517 [ERROR] LogOutputStream:75 - [STDERR_REDIRECT] 
2026-02-07 23:41:55,520 [ERROR] LogOutputStream:75 - [STDERR_REDIRECT] Feb 07, 2026 11:41:55 PM java.util.prefs.FileSystemPreferences checkLockFile0ErrorCode
2026-02-07 23:41:55,520 [ERROR] LogOutputStream:75 - [STDERR_REDIRECT] WARNING: Could not lock System prefs. Unix error code 2.
2026-02-07 23:41:55,520 [ERROR] LogOutputStream:75 - [STDERR_REDIRECT] 
2026-02-07 23:41:55,520 [ERROR] LogOutputStream:75 - [STDERR_REDIRECT] Feb 07, 2026 11:41:55 PM java.util.prefs.FileSystemPreferences syncWorld
2026-02-07 23:41:55,521 [ERROR] LogOutputStream:75 - [STDERR_REDIRECT] WARNING: Couldn't flush system prefs: java.util.prefs.BackingStoreException: Couldn't get file lock.
2026-02-07 23:41:55,521 [ERROR] LogOutputStream:75 - [STDERR_REDIRECT] 
2026-02-07 23:42:25,516 [ERROR] LogOutputStream:75 - [STDERR_REDIRECT] Feb 07, 2026 11:42:25 PM java.util.prefs.FileSystemPreferences checkLockFile0ErrorCode
2026-02-07 23:42:25,516 [ERROR] LogOutputStream:75 - [STDERR_REDIRECT] WARNING: Could not lock System prefs. Unix error code 2.
2026-02-07 23:42:25,517 [ERROR] LogOutputStream:75 - [STDERR_REDIRECT] 
2026-02-07 23:42:25,517 [ERROR] LogOutputStream:75 - [STDERR_REDIRECT] Feb 07, 2026 11:42:25 PM java.util.prefs.FileSystemPreferences syncWorld
2026-02-07 23:42:25,517 [ERROR] LogOutputStream:75 - [STDERR_REDIRECT] WARNING: Couldn't flush system prefs: java.util.prefs.BackingStoreException: Couldn't get file lock.
2026-02-07 23:42:25,518 [ERROR] LogOutputStream:75 - [STDERR_REDIRECT] 
2026-02-07 23:42:55,517 [ERROR] LogOutputStream:75 - [STDERR_REDIRECT] Feb 07, 2026 11:42:55 PM java.util.prefs.FileSystemPreferences checkLockFile0ErrorCode
2026-02-07 23:42:55,517 [ERROR] LogOutputStream:75 - [STDERR_REDIRECT] WARNING: Could not lock System prefs. Unix error code 2.
2026-02-07 23:42:55,517 [ERROR] LogOutputStream:75 - [STDERR_REDIRECT] 
2026-02-07 23:42:55,517 [ERROR] LogOutputStream:75 - [STDERR_REDIRECT] Feb 07, 2026 11:42:55 PM java.util.prefs.FileSystemPreferences syncWorld
2026-02-07 23:42:55,517 [ERROR] LogOutputStream:75 - [STDERR_REDIRECT] WARNING: Couldn't flush system prefs: java.util.prefs.BackingStoreException: Couldn't get file lock.
2026-02-07 23:42:55,517 [ERROR] LogOutputStream:75 - [STDERR_REDIRECT] 
2026-02-07 23:43:25,517 [ERROR] LogOutputStream:75 - [STDERR_REDIRECT] Feb 07, 2026 11:43:25 PM java.util.prefs.FileSystemPreferences checkLockFile0ErrorCode
2026-02-07 23:43:25,517 [ERROR] LogOutputStream:75 - [STDERR_REDIRECT] WARNING: Could not lock System prefs. Unix error code 2.
2026-02-07 23:43:25,517 [ERROR] LogOutputStream:75 - [STDERR_REDIRECT] 
2026-02-07 23:43:25,518 [ERROR] LogOutputStream:75 - [STDERR_REDIRECT] Feb 07, 2026 11:43:25 PM java.util.prefs.FileSystemPreferences syncWorld
2026-02-07 23:43:25,518 [ERROR] LogOutputStream:75 - [STDERR_REDIRECT] WARNING: Couldn't flush system prefs: java.util.prefs.BackingStoreException: Couldn't get file lock.
2026-02-07 23:43:25,518 [ERROR] LogOutputStream:75 - [STDERR_REDIRECT] 
2026-02-07 23:43:55,517 [ERROR] LogOutputStream:75 - [STDERR_REDIRECT] Feb 07, 2026 11:43:55 PM java.util.prefs.FileSystemPreferences checkLockFile0ErrorCode
2026-02-07 23:43:55,518 [ERROR] LogOutputStream:75 - [STDERR_REDIRECT] WARNING: Could not lock System prefs. Unix error code 2.
2026-02-07 23:43:55,518 [ERROR] LogOutputStream:75 - [STDERR_REDIRECT] 
2026-02-07 23:43:55,518 [ERROR] LogOutputStream:75 - [STDERR_REDIRECT] Feb 07, 2026 11:43:55 PM java.util.prefs.FileSystemPreferences syncWorld
2026-02-07 23:43:55,518 [ERROR] LogOutputStream:75 - [STDERR_REDIRECT] WARNING: Couldn't flush system prefs: java.util.prefs.BackingStoreException: Couldn't get file lock.
2026-02-07 23:43:55,518 [ERROR] LogOutputStream:75 - [STDERR_REDIRECT] 
2026-02-07 23:44:25,518 [ERROR] LogOutputStream:75 - [STDERR_REDIRECT] Feb 07, 2026 11:44:25 PM java.util.prefs.FileSystemPreferences checkLockFile0ErrorCode
2026-02-07 23:44:25,519 [ERROR] LogOutputStream:75 - [STDERR_REDIRECT] WARNING: Could not lock System prefs. Unix error code 2.
2026-02-07 23:44:25,519 [ERROR] LogOutputStream:75 - [STDERR_REDIRECT] 
2026-02-07 23:44:25,519 [ERROR] LogOutputStream:75 - [STDERR_REDIRECT] Feb 07, 2026 11:44:25 PM java.util.prefs.FileSystemPreferences syncWorld
2026-02-07 23:44:25,519 [ERROR] LogOutputStream:75 - [STDERR_REDIRECT] WARNING: Couldn't flush system prefs: java.util.prefs.BackingStoreException: Couldn't get file lock.
2026-02-07 23:44:25,519 [ERROR] LogOutputStream:75 - [STDERR_REDIRECT] 
2026-02-07 23:44:55,520 [ERROR] LogOutputStream:75 - [STDERR_REDIRECT] Feb 07, 2026 11:44:55 PM java.util.prefs.FileSystemPreferences checkLockFile0ErrorCode
2026-02-07 23:44:55,520 [ERROR] LogOutputStream:75 - [STDERR_REDIRECT] WARNING: Could not lock System prefs. Unix error code 2.
2026-02-07 23:44:55,520 [ERROR] LogOutputStream:75 - [STDERR_REDIRECT] 
2026-02-07 23:44:55,520 [ERROR] LogOutputStream:75 - [STDERR_REDIRECT] Feb 07, 2026 11:44:55 PM java.util.prefs.FileSystemPreferences syncWorld
2026-02-07 23:44:55,521 [ERROR] LogOutputStream:75 - [STDERR_REDIRECT] WARNING: Couldn't flush system prefs: java.util.prefs.BackingStoreException: Couldn't get file lock.
2026-02-07 23:44:55,521 [ERROR] LogOutputStream:75 - [STDERR_REDIRECT] 
2026-02-07 23:45:25,519 [ERROR] LogOutputStream:75 - [STDERR_REDIRECT] Feb 07, 2026 11:45:25 PM java.util.prefs.FileSystemPreferences checkLockFile0ErrorCode
2026-02-07 23:45:25,519 [ERROR] LogOutputStream:75 - [STDERR_REDIRECT] WARNING: Could not lock System prefs. Unix error code 2.
2026-02-07 23:45:25,519 [ERROR] LogOutputStream:75 - [STDERR_REDIRECT] 
2026-02-07 23:45:25,519 [ERROR] LogOutputStream:75 - [STDERR_REDIRECT] Feb 07, 2026 11:45:25 PM java.util.prefs.FileSystemPreferences syncWorld
2026-02-07 23:45:25,520 [ERROR] LogOutputStream:75 - [STDERR_REDIRECT] WARNING: Couldn't flush system prefs: java.util.prefs.BackingStoreException: Couldn't get file lock.
2026-02-07 23:45:25,520 [ERROR] LogOutputStream:75 - [STDERR_REDIRECT] 
2026-02-07 23:45:39,064 [INFO] WebApp:194 - Connection lost
2026-02-07 23:45:39,646 [INFO] WebApp:191 - Connection restablished
2026-02-07 23:45:55,518 [ERROR] LogOutputStream:75 - [STDERR_REDIRECT] Feb 07, 2026 11:45:55 PM java.util.prefs.FileSystemPreferences checkLockFile0ErrorCode
2026-02-07 23:45:55,518 [ERROR] LogOutputStream:75 - [STDERR_REDIRECT] WARNING: Could not lock System prefs. Unix error code 2.
2026-02-07 23:45:55,518 [ERROR] LogOutputStream:75 - [STDERR_REDIRECT] 
2026-02-07 23:45:55,519 [ERROR] LogOutputStream:75 - [STDERR_REDIRECT] Feb 07, 2026 11:45:55 PM java.util.prefs.FileSystemPreferences syncWorld
2026-02-07 23:45:55,519 [ERROR] LogOutputStream:75 - [STDERR_REDIRECT] WARNING: Couldn't flush system prefs: java.util.prefs.BackingStoreException: Couldn't get file lock.
2026-02-07 23:45:55,519 [ERROR] LogOutputStream:75 - [STDERR_REDIRECT] 
2026-02-07 23:46:25,519 [ERROR] LogOutputStream:75 - [STDERR_REDIRECT] Feb 07, 2026 11:46:25 PM java.util.prefs.FileSystemPreferences checkLockFile0ErrorCode
2026-02-07 23:46:25,520 [ERROR] LogOutputStream:75 - [STDERR_REDIRECT] WARNING: Could not lock System prefs. Unix error code 2.
2026-02-07 23:46:25,520 [ERROR] LogOutputStream:75 - [STDERR_REDIRECT] 
2026-02-07 23:46:25,520 [ERROR] LogOutputStream:75 - [STDERR_REDIRECT] Feb 07, 2026 11:46:25 PM java.util.prefs.FileSystemPreferences syncWorld
2026-02-07 23:46:25,520 [ERROR] LogOutputStream:75 - [STDERR_REDIRECT] WARNING: Couldn't flush system prefs: java.util.prefs.BackingStoreException: Couldn't get file lock.
2026-02-07 23:46:25,520 [ERROR] LogOutputStream:75 - [STDERR_REDIRECT] 
2026-02-07 23:46:55,519 [ERROR] LogOutputStream:75 - [STDERR_REDIRECT] Feb 07, 2026 11:46:55 PM java.util.prefs.FileSystemPreferences checkLockFile0ErrorCode
2026-02-07 23:46:55,519 [ERROR] LogOutputStream:75 - [STDERR_REDIRECT] WARNING: Could not lock System prefs. Unix error code 2.
2026-02-07 23:46:55,520 [ERROR] LogOutputStream:75 - [STDERR_REDIRECT] 
2026-02-07 23:46:55,520 [ERROR] LogOutputStream:75 - [STDERR_REDIRECT] Feb 07, 2026 11:46:55 PM java.util.prefs.FileSystemPreferences syncWorld
2026-02-07 23:46:55,520 [ERROR] LogOutputStream:75 - [STDERR_REDIRECT] WARNING: Couldn't flush system prefs: java.util.prefs.BackingStoreException: Couldn't get file lock.
2026-02-07 23:46:55,520 [ERROR] LogOutputStream:75 - [STDERR_REDIRECT] 
2026-02-07 23:47:25,520 [ERROR] LogOutputStream:75 - [STDERR_REDIRECT] Feb 07, 2026 11:47:25 PM java.util.prefs.FileSystemPreferences checkLockFile0ErrorCode
2026-02-07 23:47:25,521 [ERROR] LogOutputStream:75 - [STDERR_REDIRECT] WARNING: Could not lock System prefs. Unix error code 2.
2026-02-07 23:47:25,521 [ERROR] LogOutputStream:75 - [STDERR_REDIRECT] 
2026-02-07 23:47:25,521 [ERROR] LogOutputStream:75 - [STDERR_REDIRECT] Feb 07, 2026 11:47:25 PM java.util.prefs.FileSystemPreferences syncWorld
2026-02-07 23:47:25,521 [ERROR] LogOutputStream:75 - [STDERR_REDIRECT] WARNING: Couldn't flush system prefs: java.util.prefs.BackingStoreException: Couldn't get file lock.
2026-02-07 23:47:25,522 [ERROR] LogOutputStream:75 - [STDERR_REDIRECT] 
2026-02-07 23:47:55,520 [ERROR] LogOutputStream:75 - [STDERR_REDIRECT] Feb 07, 2026 11:47:55 PM java.util.prefs.FileSystemPreferences checkLockFile0ErrorCode
2026-02-07 23:47:55,521 [ERROR] LogOutputStream:75 - [STDERR_REDIRECT] WARNING: Could not lock System prefs. Unix error code 2.
2026-02-07 23:47:55,521 [ERROR] LogOutputStream:75 - [STDERR_REDIRECT] 
2026-02-07 23:47:55,521 [ERROR] LogOutputStream:75 - [STDERR_REDIRECT] Feb 07, 2026 11:47:55 PM java.util.prefs.FileSystemPreferences syncWorld
2026-02-07 23:47:55,521 [ERROR] LogOutputStream:75 - [STDERR_REDIRECT] WARNING: Couldn't flush system prefs: java.util.prefs.BackingStoreException: Couldn't get file lock.
2026-02-07 23:47:55,521 [ERROR] LogOutputStream:75 - [STDERR_REDIRECT] 
2026-02-07 23:48:25,522 [ERROR] LogOutputStream:75 - [STDERR_REDIRECT] Feb 07, 2026 11:48:25 PM java.util.prefs.FileSystemPreferences checkLockFile0ErrorCode
2026-02-07 23:48:25,522 [ERROR] LogOutputStream:75 - [STDERR_REDIRECT] WARNING: Could not lock System prefs. Unix error code 2.
2026-02-07 23:48:25,522 [ERROR] LogOutputStream:75 - [STDERR_REDIRECT] 
2026-02-07 23:48:25,522 [ERROR] LogOutputStream:75 - [STDERR_REDIRECT] Feb 07, 2026 11:48:25 PM java.util.prefs.FileSystemPreferences syncWorld
2026-02-07 23:48:25,522 [ERROR] LogOutputStream:75 - [STDERR_REDIRECT] WARNING: Couldn't flush system prefs: java.util.prefs.BackingStoreException: Couldn't get file lock.
2026-02-07 23:48:25,522 [ERROR] LogOutputStream:75 - [STDERR_REDIRECT] 
2026-02-07 23:48:55,523 [ERROR] LogOutputStream:75 - [STDERR_REDIRECT] Feb 07, 2026 11:48:55 PM java.util.prefs.FileSystemPreferences checkLockFile0ErrorCode
2026-02-07 23:48:55,523 [ERROR] LogOutputStream:75 - [STDERR_REDIRECT] WARNING: Could not lock System prefs. Unix error code 2.
2026-02-07 23:48:55,523 [ERROR] LogOutputStream:75 - [STDERR_REDIRECT] 
2026-02-07 23:48:55,523 [ERROR] LogOutputStream:75 - [STDERR_REDIRECT] Feb 07, 2026 11:48:55 PM java.util.prefs.FileSystemPreferences syncWorld
2026-02-07 23:48:55,523 [ERROR] LogOutputStream:75 - [STDERR_REDIRECT] WARNING: Couldn't flush system prefs: java.util.prefs.BackingStoreException: Couldn't get file lock.
2026-02-07 23:48:55,523 [ERROR] LogOutputStream:75 - [STDERR_REDIRECT] 
2026-02-07 23:49:25,522 [ERROR] LogOutputStream:75 - [STDERR_REDIRECT] Feb 07, 2026 11:49:25 PM java.util.prefs.FileSystemPreferences checkLockFile0ErrorCode
2026-02-07 23:49:25,523 [ERROR] LogOutputStream:75 - [STDERR_REDIRECT] WARNING: Could not lock System prefs. Unix error code 2.
2026-02-07 23:49:25,523 [ERROR] LogOutputStream:75 - [STDERR_REDIRECT] 
2026-02-07 23:49:25,523 [ERROR] LogOutputStream:75 - [STDERR_REDIRECT] Feb 07, 2026 11:49:25 PM java.util.prefs.FileSystemPreferences syncWorld
2026-02-07 23:49:25,523 [ERROR] LogOutputStream:75 - [STDERR_REDIRECT] WARNING: Couldn't flush system prefs: java.util.prefs.BackingStoreException: Couldn't get file lock.
2026-02-07 23:49:25,523 [ERROR] LogOutputStream:75 - [STDERR_REDIRECT] 
2026-02-07 23:49:55,522 [ERROR] LogOutputStream:75 - [STDERR_REDIRECT] Feb 07, 2026 11:49:55 PM java.util.prefs.FileSystemPreferences checkLockFile0ErrorCode
2026-02-07 23:49:55,522 [ERROR] LogOutputStream:75 - [STDERR_REDIRECT] WARNING: Could not lock System prefs. Unix error code 2.
2026-02-07 23:49:55,523 [ERROR] LogOutputStream:75 - [STDERR_REDIRECT] 
2026-02-07 23:49:55,523 [ERROR] LogOutputStream:75 - [STDERR_REDIRECT] Feb 07, 2026 11:49:55 PM java.util.prefs.FileSystemPreferences syncWorld
2026-02-07 23:49:55,523 [ERROR] LogOutputStream:75 - [STDERR_REDIRECT] WARNING: Couldn't flush system prefs: java.util.prefs.BackingStoreException: Couldn't get file lock.
2026-02-07 23:49:55,523 [ERROR] LogOutputStream:75 - [STDERR_REDIRECT] 
2026-02-07 23:50:25,523 [ERROR] LogOutputStream:75 - [STDERR_REDIRECT] Feb 07, 2026 11:50:25 PM java.util.prefs.FileSystemPreferences checkLockFile0ErrorCode
2026-02-07 23:50:25,524 [ERROR] LogOutputStream:75 - [STDERR_REDIRECT] WARNING: Could not lock System prefs. Unix error code 2.
2026-02-07 23:50:25,524 [ERROR] LogOutputStream:75 - [STDERR_REDIRECT] 
2026-02-07 23:50:25,524 [ERROR] LogOutputStream:75 - [STDERR_REDIRECT] Feb 07, 2026 11:50:25 PM java.util.prefs.FileSystemPreferences syncWorld
2026-02-07 23:50:25,524 [ERROR] LogOutputStream:75 - [STDERR_REDIRECT] WARNING: Couldn't flush system prefs: java.util.prefs.BackingStoreException: Couldn't get file lock.
2026-02-07 23:50:25,524 [ERROR] LogOutputStream:75 - [STDERR_REDIRECT] 
2026-02-07 23:50:43,628 [INFO] WebApp:194 - Connection lost
2026-02-07 23:50:44,223 [INFO] WebApp:191 - Connection restablished
2026-02-07 23:50:55,524 [ERROR] LogOutputStream:75 - [STDERR_REDIRECT] Feb 07, 2026 11:50:55 PM java.util.prefs.FileSystemPreferences checkLockFile0ErrorCode
2026-02-07 23:50:55,524 [ERROR] LogOutputStream:75 - [STDERR_REDIRECT] WARNING: Could not lock System prefs. Unix error code 2.
2026-02-07 23:50:55,525 [ERROR] LogOutputStream:75 - [STDERR_REDIRECT] 
2026-02-07 23:50:55,525 [ERROR] LogOutputStream:75 - [STDERR_REDIRECT] Feb 07, 2026 11:50:55 PM java.util.prefs.FileSystemPreferences syncWorld
2026-02-07 23:50:55,525 [ERROR] LogOutputStream:75 - [STDERR_REDIRECT] WARNING: Couldn't flush system prefs: java.util.prefs.BackingStoreException: Couldn't get file lock.
2026-02-07 23:50:55,525 [ERROR] LogOutputStream:75 - [STDERR_REDIRECT] 
2026-02-07 23:51:25,525 [ERROR] LogOutputStream:75 - [STDERR_REDIRECT] Feb 07, 2026 11:51:25 PM java.util.prefs.FileSystemPreferences checkLockFile0ErrorCode
2026-02-07 23:51:25,525 [ERROR] LogOutputStream:75 - [STDERR_REDIRECT] WARNING: Could not lock System prefs. Unix error code 2.
2026-02-07 23:51:25,526 [ERROR] LogOutputStream:75 - [STDERR_REDIRECT] 
2026-02-07 23:51:25,526 [ERROR] LogOutputStream:75 - [STDERR_REDIRECT] Feb 07, 2026 11:51:25 PM java.util.prefs.FileSystemPreferences syncWorld
2026-02-07 23:51:25,526 [ERROR] LogOutputStream:75 - [STDERR_REDIRECT] WARNING: Couldn't flush system prefs: java.util.prefs.BackingStoreException: Couldn't get file lock.
2026-02-07 23:51:25,526 [ERROR] LogOutputStream:75 - [STDERR_REDIRECT] 
2026-02-07 23:51:55,526 [ERROR] LogOutputStream:75 - [STDERR_REDIRECT] Feb 07, 2026 11:51:55 PM java.util.prefs.FileSystemPreferences checkLockFile0ErrorCode
2026-02-07 23:51:55,526 [ERROR] LogOutputStream:75 - [STDERR_REDIRECT] WARNING: Could not lock System prefs. Unix error code 2.
2026-02-07 23:51:55,526 [ERROR] LogOutputStream:75 - [STDERR_REDIRECT] 
2026-02-07 23:51:55,526 [ERROR] LogOutputStream:75 - [STDERR_REDIRECT] Feb 07, 2026 11:51:55 PM java.util.prefs.FileSystemPreferences syncWorld
2026-02-07 23:51:55,526 [ERROR] LogOutputStream:75 - [STDERR_REDIRECT] WARNING: Couldn't flush system prefs: java.util.prefs.BackingStoreException: Couldn't get file lock.
2026-02-07 23:51:55,526 [ERROR] LogOutputStream:75 - [STDERR_REDIRECT] 
2026-02-07 23:52:25,524 [ERROR] LogOutputStream:75 - [STDERR_REDIRECT] Feb 07, 2026 11:52:25 PM java.util.prefs.FileSystemPreferences checkLockFile0ErrorCode
2026-02-07 23:52:25,525 [ERROR] LogOutputStream:75 - [STDERR_REDIRECT] WARNING: Could not lock System prefs. Unix error code 2.
2026-02-07 23:52:25,525 [ERROR] LogOutputStream:75 - [STDERR_REDIRECT] 
2026-02-07 23:52:25,525 [ERROR] LogOutputStream:75 - [STDERR_REDIRECT] Feb 07, 2026 11:52:25 PM java.util.prefs.FileSystemPreferences syncWorld
2026-02-07 23:52:25,525 [ERROR] LogOutputStream:75 - [STDERR_REDIRECT] WARNING: Couldn't flush system prefs: java.util.prefs.BackingStoreException: Couldn't get file lock.
2026-02-07 23:52:25,525 [ERROR] LogOutputStream:75 - [STDERR_REDIRECT] 
2026-02-07 23:52:55,524 [ERROR] LogOutputStream:75 - [STDERR_REDIRECT] Feb 07, 2026 11:52:55 PM java.util.prefs.FileSystemPreferences checkLockFile0ErrorCode
2026-02-07 23:52:55,524 [ERROR] LogOutputStream:75 - [STDERR_REDIRECT] WARNING: Could not lock System prefs. Unix error code 2.
2026-02-07 23:52:55,524 [ERROR] LogOutputStream:75 - [STDERR_REDIRECT] 
2026-02-07 23:52:55,524 [ERROR] LogOutputStream:75 - [STDERR_REDIRECT] Feb 07, 2026 11:52:55 PM java.util.prefs.FileSystemPreferences syncWorld
2026-02-07 23:52:55,524 [ERROR] LogOutputStream:75 - [STDERR_REDIRECT] WARNING: Couldn't flush system prefs: java.util.prefs.BackingStoreException: Couldn't get file lock.
2026-02-07 23:52:55,524 [ERROR] LogOutputStream:75 - [STDERR_REDIRECT] 
2026-02-07 23:53:25,525 [ERROR] LogOutputStream:75 - [STDERR_REDIRECT] Feb 07, 2026 11:53:25 PM java.util.prefs.FileSystemPreferences checkLockFile0ErrorCode
2026-02-07 23:53:25,525 [ERROR] LogOutputStream:75 - [STDERR_REDIRECT] WARNING: Could not lock System prefs. Unix error code 2.
2026-02-07 23:53:25,527 [ERROR] LogOutputStream:75 - [STDERR_REDIRECT] 
2026-02-07 23:53:25,527 [ERROR] LogOutputStream:75 - [STDERR_REDIRECT] Feb 07, 2026 11:53:25 PM java.util.prefs.FileSystemPreferences syncWorld
2026-02-07 23:53:25,527 [ERROR] LogOutputStream:75 - [STDERR_REDIRECT] WARNING: Couldn't flush system prefs: java.util.prefs.BackingStoreException: Couldn't get file lock.
2026-02-07 23:53:25,527 [ERROR] LogOutputStream:75 - [STDERR_REDIRECT] 
2026-02-07 23:53:55,526 [ERROR] LogOutputStream:75 - [STDERR_REDIRECT] Feb 07, 2026 11:53:55 PM java.util.prefs.FileSystemPreferences checkLockFile0ErrorCode
2026-02-07 23:53:55,526 [ERROR] LogOutputStream:75 - [STDERR_REDIRECT] WARNING: Could not lock System prefs. Unix error code 2.
2026-02-07 23:53:55,526 [ERROR] LogOutputStream:75 - [STDERR_REDIRECT] 
2026-02-07 23:53:55,526 [ERROR] LogOutputStream:75 - [STDERR_REDIRECT] Feb 07, 2026 11:53:55 PM java.util.prefs.FileSystemPreferences syncWorld
2026-02-07 23:53:55,527 [ERROR] LogOutputStream:75 - [STDERR_REDIRECT] WARNING: Couldn't flush system prefs: java.util.prefs.BackingStoreException: Couldn't get file lock.
2026-02-07 23:53:55,527 [ERROR] LogOutputStream:75 - [STDERR_REDIRECT] 
2026-02-07 23:54:25,526 [ERROR] LogOutputStream:75 - [STDERR_REDIRECT] Feb 07, 2026 11:54:25 PM java.util.prefs.FileSystemPreferences checkLockFile0ErrorCode
2026-02-07 23:54:25,527 [ERROR] LogOutputStream:75 - [STDERR_REDIRECT] WARNING: Could not lock System prefs. Unix error code 2.
2026-02-07 23:54:25,527 [ERROR] LogOutputStream:75 - [STDERR_REDIRECT] 
2026-02-07 23:54:25,527 [ERROR] LogOutputStream:75 - [STDERR_REDIRECT] Feb 07, 2026 11:54:25 PM java.util.prefs.FileSystemPreferences syncWorld
2026-02-07 23:54:25,527 [ERROR] LogOutputStream:75 - [STDERR_REDIRECT] WARNING: Couldn't flush system prefs: java.util.prefs.BackingStoreException: Couldn't get file lock.
2026-02-07 23:54:25,527 [ERROR] LogOutputStream:75 - [STDERR_REDIRECT] 
2026-02-07 23:54:55,525 [ERROR] LogOutputStream:75 - [STDERR_REDIRECT] Feb 07, 2026 11:54:55 PM java.util.prefs.FileSystemPreferences checkLockFile0ErrorCode
2026-02-07 23:54:55,526 [ERROR] LogOutputStream:75 - [STDERR_REDIRECT] WARNING: Could not lock System prefs. Unix error code 2.
2026-02-07 23:54:55,526 [ERROR] LogOutputStream:75 - [STDERR_REDIRECT] 
2026-02-07 23:54:55,526 [ERROR] LogOutputStream:75 - [STDERR_REDIRECT] Feb 07, 2026 11:54:55 PM java.util.prefs.FileSystemPreferences syncWorld
2026-02-07 23:54:55,526 [ERROR] LogOutputStream:75 - [STDERR_REDIRECT] WARNING: Couldn't flush system prefs: java.util.prefs.BackingStoreException: Couldn't get file lock.
2026-02-07 23:54:55,526 [ERROR] LogOutputStream:75 - [STDERR_REDIRECT] 
2026-02-07 23:55:25,525 [ERROR] LogOutputStream:75 - [STDERR_REDIRECT] Feb 07, 2026 11:55:25 PM java.util.prefs.FileSystemPreferences checkLockFile0ErrorCode
2026-02-07 23:55:25,526 [ERROR] LogOutputStream:75 - [STDERR_REDIRECT] WARNING: Could not lock System prefs. Unix error code 2.
2026-02-07 23:55:25,526 [ERROR] LogOutputStream:75 - [STDERR_REDIRECT] 
2026-02-07 23:55:25,526 [ERROR] LogOutputStream:75 - [STDERR_REDIRECT] Feb 07, 2026 11:55:25 PM java.util.prefs.FileSystemPreferences syncWorld
2026-02-07 23:55:25,526 [ERROR] LogOutputStream:75 - [STDERR_REDIRECT] WARNING: Couldn't flush system prefs: java.util.prefs.BackingStoreException: Couldn't get file lock.
2026-02-07 23:55:25,526 [ERROR] LogOutputStream:75 - [STDERR_REDIRECT] 
2026-02-07 23:55:48,140 [INFO] WebApp:194 - Connection lost
2026-02-07 23:55:48,681 [INFO] WebApp:191 - Connection restablished
2026-02-07 23:55:55,525 [ERROR] LogOutputStream:75 - [STDERR_REDIRECT] Feb 07, 2026 11:55:55 PM java.util.prefs.FileSystemPreferences checkLockFile0ErrorCode
2026-02-07 23:55:55,525 [ERROR] LogOutputStream:75 - [STDERR_REDIRECT] WARNING: Could not lock System prefs. Unix error code 2.
2026-02-07 23:55:55,525 [ERROR] LogOutputStream:75 - [STDERR_REDIRECT] 
2026-02-07 23:55:55,525 [ERROR] LogOutputStream:75 - [STDERR_REDIRECT] Feb 07, 2026 11:55:55 PM java.util.prefs.FileSystemPreferences syncWorld
2026-02-07 23:55:55,525 [ERROR] LogOutputStream:75 - [STDERR_REDIRECT] WARNING: Couldn't flush system prefs: java.util.prefs.BackingStoreException: Couldn't get file lock.
2026-02-07 23:55:55,525 [ERROR] LogOutputStream:75 - [STDERR_REDIRECT] 
2026-02-07 23:56:25,526 [ERROR] LogOutputStream:75 - [STDERR_REDIRECT] Feb 07, 2026 11:56:25 PM java.util.prefs.FileSystemPreferences checkLockFile0ErrorCode
2026-02-07 23:56:25,526 [ERROR] LogOutputStream:75 - [STDERR_REDIRECT] WARNING: Could not lock System prefs. Unix error code 2.
2026-02-07 23:56:25,526 [ERROR] LogOutputStream:75 - [STDERR_REDIRECT] 
2026-02-07 23:56:25,527 [ERROR] LogOutputStream:75 - [STDERR_REDIRECT] Feb 07, 2026 11:56:25 PM java.util.prefs.FileSystemPreferences syncWorld
2026-02-07 23:56:25,527 [ERROR] LogOutputStream:75 - [STDERR_REDIRECT] WARNING: Couldn't flush system prefs: java.util.prefs.BackingStoreException: Couldn't get file lock.
2026-02-07 23:56:25,527 [ERROR] LogOutputStream:75 - [STDERR_REDIRECT] 
2026-02-07 23:56:55,526 [ERROR] LogOutputStream:75 - [STDERR_REDIRECT] Feb 07, 2026 11:56:55 PM java.util.prefs.FileSystemPreferences checkLockFile0ErrorCode
2026-02-07 23:56:55,526 [ERROR] LogOutputStream:75 - [STDERR_REDIRECT] WARNING: Could not lock System prefs. Unix error code 2.
2026-02-07 23:56:55,526 [ERROR] LogOutputStream:75 - [STDERR_REDIRECT] 
2026-02-07 23:56:55,526 [ERROR] LogOutputStream:75 - [STDERR_REDIRECT] Feb 07, 2026 11:56:55 PM java.util.prefs.FileSystemPreferences syncWorld
2026-02-07 23:56:55,526 [ERROR] LogOutputStream:75 - [STDERR_REDIRECT] WARNING: Couldn't flush system prefs: java.util.prefs.BackingStoreException: Couldn't get file lock.
2026-02-07 23:56:55,526 [ERROR] LogOutputStream:75 - [STDERR_REDIRECT] 
2026-02-07 23:57:25,528 [ERROR] LogOutputStream:75 - [STDERR_REDIRECT] Feb 07, 2026 11:57:25 PM java.util.prefs.FileSystemPreferences checkLockFile0ErrorCode
2026-02-07 23:57:25,529 [ERROR] LogOutputStream:75 - [STDERR_REDIRECT] WARNING: Could not lock System prefs. Unix error code 2.
2026-02-07 23:57:25,529 [ERROR] LogOutputStream:75 - [STDERR_REDIRECT] 
2026-02-07 23:57:25,529 [ERROR] LogOutputStream:75 - [STDERR_REDIRECT] Feb 07, 2026 11:57:25 PM java.util.prefs.FileSystemPreferences syncWorld
2026-02-07 23:57:25,529 [ERROR] LogOutputStream:75 - [STDERR_REDIRECT] WARNING: Couldn't flush system prefs: java.util.prefs.BackingStoreException: Couldn't get file lock.
2026-02-07 23:57:25,529 [ERROR] LogOutputStream:75 - [STDERR_REDIRECT] 
2026-02-07 23:57:55,528 [ERROR] LogOutputStream:75 - [STDERR_REDIRECT] Feb 07, 2026 11:57:55 PM java.util.prefs.FileSystemPreferences checkLockFile0ErrorCode
2026-02-07 23:57:55,528 [ERROR] LogOutputStream:75 - [STDERR_REDIRECT] WARNING: Could not lock System prefs. Unix error code 2.
2026-02-07 23:57:55,528 [ERROR] LogOutputStream:75 - [STDERR_REDIRECT] 
2026-02-07 23:57:55,528 [ERROR] LogOutputStream:75 - [STDERR_REDIRECT] Feb 07, 2026 11:57:55 PM java.util.prefs.FileSystemPreferences syncWorld
2026-02-07 23:57:55,528 [ERROR] LogOutputStream:75 - [STDERR_REDIRECT] WARNING: Couldn't flush system prefs: java.util.prefs.BackingStoreException: Couldn't get file lock.
2026-02-07 23:57:55,528 [ERROR] LogOutputStream:75 - [STDERR_REDIRECT] 
2026-02-07 23:58:25,528 [ERROR] LogOutputStream:75 - [STDERR_REDIRECT] Feb 07, 2026 11:58:25 PM java.util.prefs.FileSystemPreferences checkLockFile0ErrorCode
2026-02-07 23:58:25,528 [ERROR] LogOutputStream:75 - [STDERR_REDIRECT] WARNING: Could not lock System prefs. Unix error code 2.
2026-02-07 23:58:25,528 [ERROR] LogOutputStream:75 - [STDERR_REDIRECT] 
2026-02-07 23:58:25,528 [ERROR] LogOutputStream:75 - [STDERR_REDIRECT] Feb 07, 2026 11:58:25 PM java.util.prefs.FileSystemPreferences syncWorld
2026-02-07 23:58:25,528 [ERROR] LogOutputStream:75 - [STDERR_REDIRECT] WARNING: Couldn't flush system prefs: java.util.prefs.BackingStoreException: Couldn't get file lock.
2026-02-07 23:58:25,528 [ERROR] LogOutputStream:75 - [STDERR_REDIRECT] 
2026-02-07 23:58:55,529 [ERROR] LogOutputStream:75 - [STDERR_REDIRECT] Feb 07, 2026 11:58:55 PM java.util.prefs.FileSystemPreferences checkLockFile0ErrorCode
2026-02-07 23:58:55,529 [ERROR] LogOutputStream:75 - [STDERR_REDIRECT] WARNING: Could not lock System prefs. Unix error code 2.
2026-02-07 23:58:55,529 [ERROR] LogOutputStream:75 - [STDERR_REDIRECT] 
2026-02-07 23:58:55,529 [ERROR] LogOutputStream:75 - [STDERR_REDIRECT] Feb 07, 2026 11:58:55 PM java.util.prefs.FileSystemPreferences syncWorld
2026-02-07 23:58:55,529 [ERROR] LogOutputStream:75 - [STDERR_REDIRECT] WARNING: Couldn't flush system prefs: java.util.prefs.BackingStoreException: Couldn't get file lock.
2026-02-07 23:58:55,529 [ERROR] LogOutputStream:75 - [STDERR_REDIRECT] 
2026-02-07 23:59:25,528 [ERROR] LogOutputStream:75 - [STDERR_REDIRECT] Feb 07, 2026 11:59:25 PM java.util.prefs.FileSystemPreferences checkLockFile0ErrorCode
2026-02-07 23:59:25,528 [ERROR] LogOutputStream:75 - [STDERR_REDIRECT] WARNING: Could not lock System prefs. Unix error code 2.
2026-02-07 23:59:25,528 [ERROR] LogOutputStream:75 - [STDERR_REDIRECT] 
2026-02-07 23:59:25,528 [ERROR] LogOutputStream:75 - [STDERR_REDIRECT] Feb 07, 2026 11:59:25 PM java.util.prefs.FileSystemPreferences syncWorld
2026-02-07 23:59:25,528 [ERROR] LogOutputStream:75 - [STDERR_REDIRECT] WARNING: Couldn't flush system prefs: java.util.prefs.BackingStoreException: Couldn't get file lock.
2026-02-07 23:59:25,528 [ERROR] LogOutputStream:75 - [STDERR_REDIRECT] 
2026-02-07 23:59:55,530 [ERROR] LogOutputStream:75 - [STDERR_REDIRECT] Feb 07, 2026 11:59:55 PM java.util.prefs.FileSystemPreferences checkLockFile0ErrorCode
2026-02-07 23:59:55,530 [ERROR] LogOutputStream:75 - [STDERR_REDIRECT] WARNING: Could not lock System prefs. Unix error code 2.
2026-02-07 23:59:55,531 [ERROR] LogOutputStream:75 - [STDERR_REDIRECT] 
2026-02-07 23:59:55,531 [ERROR] LogOutputStream:75 - [STDERR_REDIRECT] Feb 07, 2026 11:59:55 PM java.util.prefs.FileSystemPreferences syncWorld
2026-02-07 23:59:55,531 [ERROR] LogOutputStream:75 - [STDERR_REDIRECT] WARNING: Couldn't flush system prefs: java.util.prefs.BackingStoreException: Couldn't get file lock.
2026-02-07 23:59:55,531 [ERROR] LogOutputStream:75 - [STDERR_REDIRECT] 
